station,thickness,texture,cn,rew
grid_001,0.2,sand,46,5
grid_001,0.2,sand,46,5
grid_001,0.2,sand,46,5
grid_001,0.2,loamy sand,46,5
grid_001,0.2,loamy sand,46,5
grid_001,0.5,loamy sand,46,5
grid_001,0.5,loamy sand,46,5
grid_002,0.2,sand,46,5
grid_002,0.2,sand,46,5
grid_002,0.2,sand,46,5
grid_002,0.2,loamy sand,46,5
grid_002,0.2,loamy sand,46,5
grid_002,0.5,loamy sand,46,5
grid_002,0.5,loamy sand,46,5
grid_003,0.2,sand,46,5
grid_003,0.2,sand,46,5
grid_003,0.2,sand,46,5
grid_003,0.2,loamy sand,46,5
grid_003,0.2,loamy sand,46,5
grid_003,0.5,loamy sand,46,5
grid_003,0.5,loamy sand,46,5
grid_004,0.2,sandy loam,46,5
grid_004,0.2,sandy loam,46,5
grid_004,0.2,sandy loam,46,5
grid_004,0.2,sandy loam,46,5
grid_004,0.2,sandy loam,46,5
grid_004,0.5,sandy loam,46,5
grid_004,0.5,sandy clay loam,46,5
grid_005,0.2,sandy loam,46,5
grid_005,0.2,sandy loam,46,5
grid_005,0.2,sandy loam,46,5
grid_005,0.2,sandy loam,46,5
grid_005,0.2,sandy loam,46,5
grid_005,0.5,sandy loam,46,5
grid_005,0.5,sandy clay loam,46,5
grid_006,0.2,sandy loam,46,5
grid_006,0.2,sandy loam,46,5
grid_006,0.2,sandy loam,46,5
grid_006,0.2,sandy loam,46,5
grid_006,0.2,sandy loam,46,5
grid_006,0.5,sandy loam,46,5
grid_006,0.5,sandy clay loam,46,5
grid_007,0.2,sand,46,5
grid_007,0.2,sand,46,5
grid_007,0.2,sand,46,5
grid_007,0.2,loamy sand,46,5
grid_007,0.2,loamy sand,46,5
grid_007,0.5,loamy sand,46,5
grid_007,0.5,loamy sand,46,5
grid_008,0.2,sand,46,5
grid_008,0.2,sand,46,5
grid_008,0.2,sand,46,5
grid_008,0.2,loamy sand,46,5
grid_008,0.2,loamy sand,46,5
grid_008,0.5,loamy sand,46,5
grid_008,0.5,loamy sand,46,5
grid_009,0.2,sand,46,5
grid_009,0.2,sand,46,5
grid_009,0.2,sand,46,5
grid_009,0.2,loamy sand,46,5
grid_009,0.2,loamy sand,46,5
grid_009,0.5,loamy sand,46,5
grid_009,0.5,loamy sand,46,5
grid_010,0.2,clay,46,5
grid_010,0.2,clay,46,5
grid_010,0.2,clay,46,5
grid_010,0.2,clay,46,5
grid_010,0.2,clay,46,5
grid_010,0.5,clay,46,5
grid_010,0.5,clay,46,5
grid_011,0.2,sandy loam,46,5
grid_011,0.2,sandy loam,46,5
grid_011,0.2,sandy loam,46,5
grid_011,0.2,sandy loam,46,5
grid_011,0.2,sandy loam,46,5
grid_011,0.5,sandy loam,46,5
grid_011,0.5,sandy clay loam,46,5
grid_012,0.2,sandy loam,46,5
grid_012,0.2,sandy clay loam,46,5
grid_012,0.2,sandy clay loam,46,5
grid_012,0.2,sandy clay loam,46,5
grid_012,0.2,sandy clay loam,46,5
grid_012,0.5,sandy clay loam,46,5
grid_012,0.5,clay loam,46,5
grid_013,0.2,sandy loam,46,5
grid_013,0.2,sandy clay loam,46,5
grid_013,0.2,sandy clay loam,46,5
grid_013,0.2,sandy clay loam,46,5
grid_013,0.2,sandy clay loam,46,5
grid_013,0.5,sandy clay loam,46,5
grid_013,0.5,clay loam,46,5
grid_014,0.2,sand,46,5
grid_014,0.2,sand,46,5
grid_014,0.2,sand,46,5
grid_014,0.2,loamy sand,46,5
grid_014,0.2,loamy sand,46,5
grid_014,0.5,loamy sand,46,5
grid_014,0.5,loamy sand,46,5
grid_015,0.2,sandy loam,46,5
grid_015,0.2,sandy loam,46,5
grid_015,0.2,sandy loam,46,5
grid_015,0.2,sandy loam,46,5
grid_015,0.2,sandy loam,46,5
grid_015,0.5,sandy loam,46,5
grid_015,0.5,sandy clay loam,46,5
grid_016,0.2,sandy loam,46,5
grid_016,0.2,sandy loam,46,5
grid_016,0.2,sandy loam,46,5
grid_016,0.2,sandy loam,46,5
grid_016,0.2,sandy loam,46,5
grid_016,0.5,sandy loam,46,5
grid_016,0.5,sandy clay loam,46,5
grid_017,0.2,sandy loam,46,5
grid_017,0.2,sandy loam,46,5
grid_017,0.2,sandy loam,46,5
grid_017,0.2,sandy loam,46,5
grid_017,0.2,sandy loam,46,5
grid_017,0.5,sandy loam,46,5
grid_017,0.5,sandy clay loam,46,5
grid_018,0.2,sandy loam,46,5
grid_018,0.2,sandy loam,46,5
grid_018,0.2,sandy loam,46,5
grid_018,0.2,sandy loam,46,5
grid_018,0.2,sandy loam,46,5
grid_018,0.5,sandy loam,46,5
grid_018,0.5,sandy clay loam,46,5
grid_019,0.2,clay,46,5
grid_019,0.2,clay,46,5
grid_019,0.2,clay,46,5
grid_019,0.2,clay,46,5
grid_019,0.2,clay,46,5
grid_019,0.5,clay,46,5
grid_019,0.5,clay,46,5
grid_020,0.2,clay,46,5
grid_020,0.2,clay,46,5
grid_020,0.2,clay,46,5
grid_020,0.2,clay,46,5
grid_020,0.2,clay,46,5
grid_020,0.5,clay,46,5
grid_020,0.5,clay,46,5
grid_021,0.2,sandy loam,46,5
grid_021,0.2,sandy clay loam,46,5
grid_021,0.2,sandy clay loam,46,5
grid_021,0.2,sandy clay loam,46,5
grid_021,0.2,sandy clay loam,46,5
grid_021,0.5,sandy clay loam,46,5
grid_021,0.5,clay loam,46,5
grid_022,0.2,sandy loam,46,5
grid_022,0.2,sandy clay loam,46,5
grid_022,0.2,sandy clay loam,46,5
grid_022,0.2,sandy clay loam,46,5
grid_022,0.2,sandy clay loam,46,5
grid_022,0.5,sandy clay loam,46,5
grid_022,0.5,clay loam,46,5
grid_023,0.2,sandy loam,46,5
grid_023,0.2,sandy clay loam,46,5
grid_023,0.2,sandy clay loam,46,5
grid_023,0.2,sandy clay loam,46,5
grid_023,0.2,sandy clay loam,46,5
grid_023,0.5,sandy clay loam,46,5
grid_023,0.5,clay loam,46,5
grid_024,0.2,sandy loam,46,5
grid_024,0.2,sandy loam,46,5
grid_024,0.2,sandy loam,46,5
grid_024,0.2,sandy loam,46,5
grid_024,0.2,sandy loam,46,5
grid_024,0.5,sandy loam,46,5
grid_024,0.5,sandy clay loam,46,5
grid_025,0.2,sand,46,5
grid_025,0.2,sand,46,5
grid_025,0.2,sand,46,5
grid_025,0.2,loamy sand,46,5
grid_025,0.2,loamy sand,46,5
grid_025,0.5,loamy sand,46,5
grid_025,0.5,loamy sand,46,5
grid_026,0.2,sandy loam,46,5
grid_026,0.2,sandy loam,46,5
grid_026,0.2,sandy loam,46,5
grid_026,0.2,sandy loam,46,5
grid_026,0.2,sandy loam,46,5
grid_026,0.5,sandy loam,46,5
grid_026,0.5,sandy clay loam,46,5
grid_027,0.2,sand,46,5
grid_027,0.2,sand,46,5
grid_027,0.2,sand,46,5
grid_027,0.2,loamy sand,46,5
grid_027,0.2,loamy sand,46,5
grid_027,0.5,loamy sand,46,5
grid_027,0.5,loamy sand,46,5
grid_028,0.2,sand,46,5
grid_028,0.2,sand,46,5
grid_028,0.2,sand,46,5
grid_028,0.2,loamy sand,46,5
grid_028,0.2,loamy sand,46,5
grid_028,0.5,loamy sand,46,5
grid_028,0.5,loamy sand,46,5
grid_029,0.2,sandy loam,46,5
grid_029,0.2,sandy loam,46,5
grid_029,0.2,sandy loam,46,5
grid_029,0.2,sandy loam,46,5
grid_029,0.2,sandy loam,46,5
grid_029,0.5,sandy loam,46,5
grid_029,0.5,sandy clay loam,46,5
grid_030,0.2,sand,46,5
grid_030,0.2,sand,46,5
grid_030,0.2,sand,46,5
grid_030,0.2,loamy sand,46,5
grid_030,0.2,loamy sand,46,5
grid_030,0.5,loamy sand,46,5
grid_030,0.5,loamy sand,46,5
grid_031,0.2,sandy loam,46,5
grid_031,0.2,sandy loam,46,5
grid_031,0.2,sandy loam,46,5
grid_031,0.2,sandy loam,46,5
grid_031,0.2,sandy loam,46,5
grid_031,0.5,sandy loam,46,5
grid_031,0.5,sandy clay loam,46,5
grid_032,0.2,sandy loam,46,5
grid_032,0.2,sandy loam,46,5
grid_032,0.2,sandy loam,46,5
grid_032,0.2,sandy loam,46,5
grid_032,0.2,sandy loam,46,5
grid_032,0.5,sandy loam,46,5
grid_032,0.5,sandy clay loam,46,5
grid_033,0.2,sandy loam,46,5
grid_033,0.2,sandy loam,46,5
grid_033,0.2,sandy loam,46,5
grid_033,0.2,sandy loam,46,5
grid_033,0.2,sandy loam,46,5
grid_033,0.5,sandy loam,46,5
grid_033,0.5,sandy clay loam,46,5
grid_034,0.2,sandy loam,46,5
grid_034,0.2,sandy clay loam,46,5
grid_034,0.2,sandy clay loam,46,5
grid_034,0.2,sandy clay loam,46,5
grid_034,0.2,sandy clay loam,46,5
grid_034,0.5,sandy clay loam,46,5
grid_034,0.5,clay loam,46,5
grid_035,0.2,sandy loam,46,5
grid_035,0.2,sandy clay loam,46,5
grid_035,0.2,sandy clay loam,46,5
grid_035,0.2,sandy clay loam,46,5
grid_035,0.2,sandy clay loam,46,5
grid_035,0.5,sandy clay loam,46,5
grid_035,0.5,clay loam,46,5
grid_036,0.2,sandy loam,46,5
grid_036,0.2,sandy loam,46,5
grid_036,0.2,sandy loam,46,5
grid_036,0.2,sandy loam,46,5
grid_036,0.2,sandy loam,46,5
grid_036,0.5,sandy loam,46,5
grid_036,0.5,sandy clay loam,46,5
grid_037,0.2,sandy loam,46,5
grid_037,0.2,sandy loam,46,5
grid_037,0.2,sandy loam,46,5
grid_037,0.2,sandy loam,46,5
grid_037,0.2,sandy loam,46,5
grid_037,0.5,sandy loam,46,5
grid_037,0.5,sandy clay loam,46,5
grid_038,0.2,sand,46,5
grid_038,0.2,sand,46,5
grid_038,0.2,sand,46,5
grid_038,0.2,loamy sand,46,5
grid_038,0.2,loamy sand,46,5
grid_038,0.5,loamy sand,46,5
grid_038,0.5,loamy sand,46,5
grid_039,0.2,sandy loam,46,5
grid_039,0.2,sandy loam,46,5
grid_039,0.2,sandy loam,46,5
grid_039,0.2,sandy loam,46,5
grid_039,0.2,sandy loam,46,5
grid_039,0.5,sandy loam,46,5
grid_039,0.5,sandy clay loam,46,5
grid_040,0.2,sandy loam,46,5
grid_040,0.2,sandy loam,46,5
grid_040,0.2,sandy loam,46,5
grid_040,0.2,sandy loam,46,5
grid_040,0.2,sandy loam,46,5
grid_040,0.5,sandy loam,46,5
grid_040,0.5,sandy clay loam,46,5
grid_041,0.2,sandy loam,46,5
grid_041,0.2,sandy loam,46,5
grid_041,0.2,sandy loam,46,5
grid_041,0.2,sandy loam,46,5
grid_041,0.2,sandy loam,46,5
grid_041,0.5,sandy loam,46,5
grid_041,0.5,sandy clay loam,46,5
grid_042,0.2,sandy loam,46,5
grid_042,0.2,sandy loam,46,5
grid_042,0.2,sandy loam,46,5
grid_042,0.2,sandy loam,46,5
grid_042,0.2,sandy loam,46,5
grid_042,0.5,sandy loam,46,5
grid_042,0.5,sandy clay loam,46,5
grid_043,0.2,sandy loam,46,5
grid_043,0.2,sandy loam,46,5
grid_043,0.2,sandy loam,46,5
grid_043,0.2,sandy loam,46,5
grid_043,0.2,sandy loam,46,5
grid_043,0.5,sandy loam,46,5
grid_043,0.5,sandy clay loam,46,5
grid_044,0.2,sandy loam,46,5
grid_044,0.2,sandy loam,46,5
grid_044,0.2,sandy loam,46,5
grid_044,0.2,sandy loam,46,5
grid_044,0.2,sandy loam,46,5
grid_044,0.5,sandy loam,46,5
grid_044,0.5,sandy clay loam,46,5
grid_045,0.2,sandy loam,46,5
grid_045,0.2,sandy loam,46,5
grid_045,0.2,sandy loam,46,5
grid_045,0.2,sandy loam,46,5
grid_045,0.2,sandy loam,46,5
grid_045,0.5,sandy loam,46,5
grid_045,0.5,sandy clay loam,46,5
grid_046,0.2,sand,46,5
grid_046,0.2,sand,46,5
grid_046,0.2,sand,46,5
grid_046,0.2,loamy sand,46,5
grid_046,0.2,loamy sand,46,5
grid_046,0.5,loamy sand,46,5
grid_046,0.5,loamy sand,46,5
grid_047,0.2,sandy loam,46,5
grid_047,0.2,sandy loam,46,5
grid_047,0.2,sandy loam,46,5
grid_047,0.2,sandy loam,46,5
grid_047,0.2,sandy loam,46,5
grid_047,0.5,sandy loam,46,5
grid_047,0.5,sandy clay loam,46,5
grid_048,0.2,sandy loam,46,5
grid_048,0.2,sandy loam,46,5
grid_048,0.2,sandy loam,46,5
grid_048,0.2,sandy loam,46,5
grid_048,0.2,sandy loam,46,5
grid_048,0.5,sandy loam,46,5
grid_048,0.5,sandy clay loam,46,5
grid_049,0.2,sandy loam,46,5
grid_049,0.2,sandy loam,46,5
grid_049,0.2,sandy loam,46,5
grid_049,0.2,sandy loam,46,5
grid_049,0.2,sandy loam,46,5
grid_049,0.5,sandy loam,46,5
grid_049,0.5,sandy clay loam,46,5
grid_050,0.2,sandy loam,46,5
grid_050,0.2,sandy clay loam,46,5
grid_050,0.2,sandy clay loam,46,5
grid_050,0.2,sandy clay loam,46,5
grid_050,0.2,sandy clay loam,46,5
grid_050,0.5,sandy clay loam,46,5
grid_050,0.5,clay loam,46,5
grid_051,0.2,sand,46,5
grid_051,0.2,sand,46,5
grid_051,0.2,sand,46,5
grid_051,0.2,loamy sand,46,5
grid_051,0.2,loamy sand,46,5
grid_051,0.5,loamy sand,46,5
grid_051,0.5,loamy sand,46,5
grid_052,0.2,sand,46,5
grid_052,0.2,sand,46,5
grid_052,0.2,sand,46,5
grid_052,0.2,loamy sand,46,5
grid_052,0.2,loamy sand,46,5
grid_052,0.5,loamy sand,46,5
grid_052,0.5,loamy sand,46,5
grid_053,0.2,sandy loam,46,5
grid_053,0.2,sandy loam,46,5
grid_053,0.2,sandy loam,46,5
grid_053,0.2,sandy loam,46,5
grid_053,0.2,sandy loam,46,5
grid_053,0.5,sandy loam,46,5
grid_053,0.5,sandy clay loam,46,5
grid_054,0.2,sandy loam,46,5
grid_054,0.2,sandy loam,46,5
grid_054,0.2,sandy loam,46,5
grid_054,0.2,sandy loam,46,5
grid_054,0.2,sandy loam,46,5
grid_054,0.5,sandy loam,46,5
grid_054,0.5,sandy clay loam,46,5
grid_055,0.2,sandy loam,46,5
grid_055,0.2,sandy loam,46,5
grid_055,0.2,sandy loam,46,5
grid_055,0.2,sandy loam,46,5
grid_055,0.2,sandy loam,46,5
grid_055,0.5,sandy loam,46,5
grid_055,0.5,sandy clay loam,46,5
grid_056,0.2,sandy loam,46,5
grid_056,0.2,sandy loam,46,5
grid_056,0.2,sandy loam,46,5
grid_056,0.2,sandy loam,46,5
grid_056,0.2,sandy loam,46,5
grid_056,0.5,sandy loam,46,5
grid_056,0.5,sandy clay loam,46,5
grid_057,0.2,sandy loam,46,5
grid_057,0.2,sandy loam,46,5
grid_057,0.2,sandy loam,46,5
grid_057,0.2,sandy loam,46,5
grid_057,0.2,sandy loam,46,5
grid_057,0.5,sandy loam,46,5
grid_057,0.5,sandy clay loam,46,5
grid_058,0.2,sandy loam,46,5
grid_058,0.2,sandy loam,46,5
grid_058,0.2,sandy loam,46,5
grid_058,0.2,sandy loam,46,5
grid_058,0.2,sandy loam,46,5
grid_058,0.5,sandy loam,46,5
grid_058,0.5,sandy clay loam,46,5
grid_059,0.2,sandy loam,46,5
grid_059,0.2,sandy loam,46,5
grid_059,0.2,sandy loam,46,5
grid_059,0.2,sandy loam,46,5
grid_059,0.2,sandy loam,46,5
grid_059,0.5,sandy loam,46,5
grid_059,0.5,sandy clay loam,46,5
grid_060,0.2,sandy loam,46,5
grid_060,0.2,sandy loam,46,5
grid_060,0.2,sandy loam,46,5
grid_060,0.2,sandy loam,46,5
grid_060,0.2,sandy loam,46,5
grid_060,0.5,sandy loam,46,5
grid_060,0.5,sandy clay loam,46,5
grid_061,0.2,sandy loam,46,5
grid_061,0.2,sandy loam,46,5
grid_061,0.2,sandy loam,46,5
grid_061,0.2,sandy loam,46,5
grid_061,0.2,sandy loam,46,5
grid_061,0.5,sandy loam,46,5
grid_061,0.5,sandy clay loam,46,5
grid_062,0.2,sandy loam,46,5
grid_062,0.2,sandy loam,46,5
grid_062,0.2,sandy loam,46,5
grid_062,0.2,sandy loam,46,5
grid_062,0.2,sandy loam,46,5
grid_062,0.5,sandy loam,46,5
grid_062,0.5,sandy clay loam,46,5
grid_063,0.2,sandy loam,46,5
grid_063,0.2,sandy loam,46,5
grid_063,0.2,sandy loam,46,5
grid_063,0.2,sandy loam,46,5
grid_063,0.2,sandy loam,46,5
grid_063,0.5,sandy loam,46,5
grid_063,0.5,sandy clay loam,46,5
grid_064,0.2,sandy loam,46,5
grid_064,0.2,sandy loam,46,5
grid_064,0.2,sandy loam,46,5
grid_064,0.2,sandy loam,46,5
grid_064,0.2,sandy loam,46,5
grid_064,0.5,sandy loam,46,5
grid_064,0.5,sandy clay loam,46,5
grid_065,0.2,sandy loam,46,5
grid_065,0.2,sandy loam,46,5
grid_065,0.2,sandy loam,46,5
grid_065,0.2,sandy loam,46,5
grid_065,0.2,sandy loam,46,5
grid_065,0.5,sandy loam,46,5
grid_065,0.5,sandy clay loam,46,5
grid_066,0.2,sandy loam,46,5
grid_066,0.2,sandy clay loam,46,5
grid_066,0.2,sandy clay loam,46,5
grid_066,0.2,sandy clay loam,46,5
grid_066,0.2,sandy clay loam,46,5
grid_066,0.5,sandy clay loam,46,5
grid_066,0.5,clay loam,46,5
grid_067,0.2,sandy loam,46,5
grid_067,0.2,sandy clay loam,46,5
grid_067,0.2,sandy clay loam,46,5
grid_067,0.2,sandy clay loam,46,5
grid_067,0.2,sandy clay loam,46,5
grid_067,0.5,sandy clay loam,46,5
grid_067,0.5,clay loam,46,5
grid_068,0.2,sandy loam,46,5
grid_068,0.2,sandy clay loam,46,5
grid_068,0.2,sandy clay loam,46,5
grid_068,0.2,sandy clay loam,46,5
grid_068,0.2,sandy clay loam,46,5
grid_068,0.5,sandy clay loam,46,5
grid_068,0.5,clay loam,46,5
grid_069,0.2,sandy loam,46,5
grid_069,0.2,sandy loam,46,5
grid_069,0.2,sandy loam,46,5
grid_069,0.2,sandy loam,46,5
grid_069,0.2,sandy loam,46,5
grid_069,0.5,sandy loam,46,5
grid_069,0.5,sandy clay loam,46,5
grid_070,0.2,sandy loam,46,5
grid_070,0.2,sandy loam,46,5
grid_070,0.2,sandy loam,46,5
grid_070,0.2,sandy loam,46,5
grid_070,0.2,sandy loam,46,5
grid_070,0.5,sandy loam,46,5
grid_070,0.5,sandy clay loam,46,5
grid_071,0.2,sand,46,5
grid_071,0.2,sand,46,5
grid_071,0.2,sand,46,5
grid_071,0.2,loamy sand,46,5
grid_071,0.2,loamy sand,46,5
grid_071,0.5,loamy sand,46,5
grid_071,0.5,loamy sand,46,5
grid_072,0.2,sandy loam,46,5
grid_072,0.2,sandy loam,46,5
grid_072,0.2,sandy loam,46,5
grid_072,0.2,sandy loam,46,5
grid_072,0.2,sandy loam,46,5
grid_072,0.5,sandy loam,46,5
grid_072,0.5,sandy clay loam,46,5
grid_073,0.2,sandy loam,46,5
grid_073,0.2,sandy loam,46,5
grid_073,0.2,sandy loam,46,5
grid_073,0.2,sandy loam,46,5
grid_073,0.2,sandy loam,46,5
grid_073,0.5,sandy loam,46,5
grid_073,0.5,sandy clay loam,46,5
grid_074,0.2,sandy loam,46,5
grid_074,0.2,sandy loam,46,5
grid_074,0.2,sandy loam,46,5
grid_074,0.2,sandy loam,46,5
grid_074,0.2,sandy loam,46,5
grid_074,0.5,sandy loam,46,5
grid_074,0.5,sandy clay loam,46,5
grid_075,0.2,sandy loam,46,5
grid_075,0.2,sandy loam,46,5
grid_075,0.2,sandy loam,46,5
grid_075,0.2,sandy loam,46,5
grid_075,0.2,sandy loam,46,5
grid_075,0.5,sandy loam,46,5
grid_075,0.5,sandy clay loam,46,5
grid_076,0.2,sandy loam,46,5
grid_076,0.2,sandy loam,46,5
grid_076,0.2,sandy loam,46,5
grid_076,0.2,sandy loam,46,5
grid_076,0.2,sandy loam,46,5
grid_076,0.5,sandy loam,46,5
grid_076,0.5,sandy clay loam,46,5
grid_077,0.2,sandy loam,46,5
grid_077,0.2,sandy loam,46,5
grid_077,0.2,sandy loam,46,5
grid_077,0.2,sandy loam,46,5
grid_077,0.2,sandy loam,46,5
grid_077,0.5,sandy loam,46,5
grid_077,0.5,sandy clay loam,46,5
grid_078,0.2,sandy loam,46,5
grid_078,0.2,sandy loam,46,5
grid_078,0.2,sandy loam,46,5
grid_078,0.2,sandy loam,46,5
grid_078,0.2,sandy loam,46,5
grid_078,0.5,sandy loam,46,5
grid_078,0.5,sandy clay loam,46,5
grid_079,0.2,sandy loam,46,5
grid_079,0.2,sandy loam,46,5
grid_079,0.2,sandy loam,46,5
grid_079,0.2,sandy loam,46,5
grid_079,0.2,sandy loam,46,5
grid_079,0.5,sandy loam,46,5
grid_079,0.5,sandy clay loam,46,5
grid_080,0.2,sandy loam,46,5
grid_080,0.2,sandy loam,46,5
grid_080,0.2,sandy loam,46,5
grid_080,0.2,sandy loam,46,5
grid_080,0.2,sandy loam,46,5
grid_080,0.5,sandy loam,46,5
grid_080,0.5,sandy clay loam,46,5
grid_081,0.2,sandy loam,46,5
grid_081,0.2,sandy loam,46,5
grid_081,0.2,sandy loam,46,5
grid_081,0.2,sandy loam,46,5
grid_081,0.2,sandy loam,46,5
grid_081,0.5,sandy loam,46,5
grid_081,0.5,sandy clay loam,46,5
grid_082,0.2,sandy loam,46,5
grid_082,0.2,sandy loam,46,5
grid_082,0.2,sandy loam,46,5
grid_082,0.2,sandy loam,46,5
grid_082,0.2,sandy loam,46,5
grid_082,0.5,sandy loam,46,5
grid_082,0.5,sandy clay loam,46,5
grid_083,0.2,sandy loam,46,5
grid_083,0.2,sandy loam,46,5
grid_083,0.2,sandy loam,46,5
grid_083,0.2,sandy loam,46,5
grid_083,0.2,sandy loam,46,5
grid_083,0.5,sandy loam,46,5
grid_083,0.5,sandy clay loam,46,5
grid_084,0.2,sandy loam,46,5
grid_084,0.2,sandy loam,46,5
grid_084,0.2,sandy loam,46,5
grid_084,0.2,sandy loam,46,5
grid_084,0.2,sandy loam,46,5
grid_084,0.5,sandy loam,46,5
grid_084,0.5,sandy clay loam,46,5
grid_085,0.2,sandy loam,46,5
grid_085,0.2,sandy loam,46,5
grid_085,0.2,sandy loam,46,5
grid_085,0.2,sandy loam,46,5
grid_085,0.2,sandy loam,46,5
grid_085,0.5,sandy loam,46,5
grid_085,0.5,sandy clay loam,46,5
grid_086,0.2,sandy loam,46,5
grid_086,0.2,sandy loam,46,5
grid_086,0.2,sandy loam,46,5
grid_086,0.2,sandy loam,46,5
grid_086,0.2,sandy loam,46,5
grid_086,0.5,sandy loam,46,5
grid_086,0.5,sandy clay loam,46,5
grid_087,0.2,sandy loam,46,5
grid_087,0.2,clay,46,5
grid_087,0.2,clay,46,5
grid_087,0.2,clay,46,5
grid_087,0.2,clay,46,5
grid_087,0.5,clay,46,5
grid_087,0.5,clay,46,5
grid_088,0.2,sandy loam,46,5
grid_088,0.2,sandy loam,46,5
grid_088,0.2,sandy loam,46,5
grid_088,0.2,sandy loam,46,5
grid_088,0.2,sandy loam,46,5
grid_088,0.5,sandy loam,46,5
grid_088,0.5,sandy clay loam,46,5
grid_089,0.2,sandy loam,46,5
grid_089,0.2,sandy loam,46,5
grid_089,0.2,sandy loam,46,5
grid_089,0.2,sandy loam,46,5
grid_089,0.2,sandy loam,46,5
grid_089,0.5,sandy loam,46,5
grid_089,0.5,sandy clay loam,46,5
grid_090,0.2,sandy loam,46,5
grid_090,0.2,sandy loam,46,5
grid_090,0.2,sandy loam,46,5
grid_090,0.2,sandy loam,46,5
grid_090,0.2,sandy loam,46,5
grid_090,0.5,sandy loam,46,5
grid_090,0.5,sandy clay loam,46,5
grid_091,0.2,sandy loam,46,5
grid_091,0.2,sandy clay loam,46,5
grid_091,0.2,sandy clay loam,46,5
grid_091,0.2,sandy clay,46,5
grid_091,0.2,sandy clay,46,5
grid_091,0.5,sandy clay,46,5
grid_091,0.5,clay loam,46,5
grid_092,0.2,sand,46,5
grid_092,0.2,sand,46,5
grid_092,0.2,sand,46,5
grid_092,0.2,loamy sand,46,5
grid_092,0.2,loamy sand,46,5
grid_092,0.5,loamy sand,46,5
grid_092,0.5,loamy sand,46,5
grid_093,0.2,clay,46,5
grid_093,0.2,clay,46,5
grid_093,0.2,clay,46,5
grid_093,0.2,clay,46,5
grid_093,0.2,clay,46,5
grid_093,0.5,clay,46,5
grid_093,0.5,clay,46,5
grid_094,0.2,clay,46,5
grid_094,0.2,clay,46,5
grid_094,0.2,clay,46,5
grid_094,0.2,clay,46,5
grid_094,0.2,clay,46,5
grid_094,0.5,clay,46,5
grid_094,0.5,clay,46,5
grid_095,0.2,sandy clay loam,46,5
grid_095,0.2,sandy clay loam,46,5
grid_095,0.2,sandy clay loam,46,5
grid_095,0.2,sandy clay loam,46,5
grid_095,0.2,sandy clay loam,46,5
grid_095,0.5,sandy clay loam,46,5
grid_095,0.5,sandy clay loam,46,5
grid_096,0.2,sandy loam,46,5
grid_096,0.2,sandy loam,46,5
grid_096,0.2,sandy loam,46,5
grid_096,0.2,sandy loam,46,5
grid_096,0.2,sandy loam,46,5
grid_096,0.5,sandy loam,46,5
grid_096,0.5,sandy clay loam,46,5
grid_097,0.2,sandy loam,46,5
grid_097,0.2,sandy loam,46,5
grid_097,0.2,sandy loam,46,5
grid_097,0.2,sandy loam,46,5
grid_097,0.2,sandy loam,46,5
grid_097,0.5,sandy loam,46,5
grid_097,0.5,sandy clay loam,46,5
grid_098,0.2,sandy loam,46,5
grid_098,0.2,sandy loam,46,5
grid_098,0.2,sandy loam,46,5
grid_098,0.2,sandy loam,46,5
grid_098,0.2,sandy loam,46,5
grid_098,0.5,sandy loam,46,5
grid_098,0.5,sandy clay loam,46,5
grid_099,0.2,sandy loam,46,5
grid_099,0.2,sandy loam,46,5
grid_099,0.2,sandy loam,46,5
grid_099,0.2,sandy loam,46,5
grid_099,0.2,sandy loam,46,5
grid_099,0.5,sandy loam,46,5
grid_099,0.5,sandy clay loam,46,5
grid_100,0.2,sandy loam,46,5
grid_100,0.2,sandy loam,46,5
grid_100,0.2,sandy loam,46,5
grid_100,0.2,sandy loam,46,5
grid_100,0.2,sandy loam,46,5
grid_100,0.5,sandy loam,46,5
grid_100,0.5,sandy clay loam,46,5
grid_101,0.2,sandy loam,46,5
grid_101,0.2,sandy loam,46,5
grid_101,0.2,sandy loam,46,5
grid_101,0.2,sandy loam,46,5
grid_101,0.2,sandy loam,46,5
grid_101,0.5,sandy loam,46,5
grid_101,0.5,sandy clay loam,46,5
grid_102,0.2,sandy loam,46,5
grid_102,0.2,sandy loam,46,5
grid_102,0.2,sandy loam,46,5
grid_102,0.2,sandy loam,46,5
grid_102,0.2,sandy loam,46,5
grid_102,0.5,sandy loam,46,5
grid_102,0.5,sandy clay loam,46,5
grid_103,0.2,sandy loam,46,5
grid_103,0.2,sandy loam,46,5
grid_103,0.2,sandy loam,46,5
grid_103,0.2,sandy loam,46,5
grid_103,0.2,sandy loam,46,5
grid_103,0.5,sandy loam,46,5
grid_103,0.5,sandy clay loam,46,5
grid_104,0.2,sandy loam,46,5
grid_104,0.2,sandy loam,46,5
grid_104,0.2,sandy loam,46,5
grid_104,0.2,sandy loam,46,5
grid_104,0.2,sandy loam,46,5
grid_104,0.5,sandy loam,46,5
grid_104,0.5,sandy clay loam,46,5
grid_105,0.2,sandy loam,46,5
grid_105,0.2,sandy loam,46,5
grid_105,0.2,sandy loam,46,5
grid_105,0.2,sandy loam,46,5
grid_105,0.2,sandy loam,46,5
grid_105,0.5,sandy loam,46,5
grid_105,0.5,sandy clay loam,46,5
grid_106,0.2,sandy loam,46,5
grid_106,0.2,sandy loam,46,5
grid_106,0.2,sandy loam,46,5
grid_106,0.2,sandy loam,46,5
grid_106,0.2,sandy loam,46,5
grid_106,0.5,sandy loam,46,5
grid_106,0.5,sandy clay loam,46,5
grid_107,0.2,sandy loam,46,5
grid_107,0.2,sandy loam,46,5
grid_107,0.2,sandy loam,46,5
grid_107,0.2,sandy loam,46,5
grid_107,0.2,sandy loam,46,5
grid_107,0.5,sandy loam,46,5
grid_107,0.5,sandy clay loam,46,5
grid_108,0.2,sandy loam,46,5
grid_108,0.2,sandy loam,46,5
grid_108,0.2,sandy loam,46,5
grid_108,0.2,sandy loam,46,5
grid_108,0.2,sandy loam,46,5
grid_108,0.5,sandy loam,46,5
grid_108,0.5,sandy clay loam,46,5
grid_109,0.2,sandy loam,46,5
grid_109,0.2,sandy loam,46,5
grid_109,0.2,sandy loam,46,5
grid_109,0.2,sandy loam,46,5
grid_109,0.2,sandy loam,46,5
grid_109,0.5,sandy loam,46,5
grid_109,0.5,sandy clay loam,46,5
grid_110,0.2,sandy loam,46,5
grid_110,0.2,sandy loam,46,5
grid_110,0.2,sandy clay loam,46,5
grid_110,0.2,sandy loam,46,5
grid_110,0.2,sandy loam,46,5
grid_110,0.5,sandy loam,46,5
grid_110,0.5,sandy loam,46,5
grid_111,0.2,sandy loam,46,5
grid_111,0.2,sandy loam,46,5
grid_111,0.2,sandy loam,46,5
grid_111,0.2,sandy loam,46,5
grid_111,0.2,sandy loam,46,5
grid_111,0.5,sandy loam,46,5
grid_111,0.5,sandy clay loam,46,5
grid_112,0.2,sandy loam,46,5
grid_112,0.2,sandy loam,46,5
grid_112,0.2,sandy loam,46,5
grid_112,0.2,sandy loam,46,5
grid_112,0.2,sandy loam,46,5
grid_112,0.5,sandy loam,46,5
grid_112,0.5,sandy clay loam,46,5
grid_113,0.2,sandy loam,46,5
grid_113,0.2,sandy loam,46,5
grid_113,0.2,sandy loam,46,5
grid_113,0.2,sandy loam,46,5
grid_113,0.2,sandy loam,46,5
grid_113,0.5,sandy loam,46,5
grid_113,0.5,sandy clay loam,46,5
grid_114,0.2,sandy loam,46,5
grid_114,0.2,sandy loam,46,5
grid_114,0.2,sandy loam,46,5
grid_114,0.2,sandy loam,46,5
grid_114,0.2,sandy loam,46,5
grid_114,0.5,sandy loam,46,5
grid_114,0.5,sandy clay loam,46,5
grid_115,0.2,sand,46,5
grid_115,0.2,sand,46,5
grid_115,0.2,sand,46,5
grid_115,0.2,loamy sand,46,5
grid_115,0.2,loamy sand,46,5
grid_115,0.5,loamy sand,46,5
grid_115,0.5,loamy sand,46,5
grid_116,0.2,clay,46,5
grid_116,0.2,clay,46,5
grid_116,0.2,clay,46,5
grid_116,0.2,clay,46,5
grid_116,0.2,clay,46,5
grid_116,0.5,clay,46,5
grid_116,0.5,clay,46,5
grid_117,0.2,clay,46,5
grid_117,0.2,clay,46,5
grid_117,0.2,clay,46,5
grid_117,0.2,clay,46,5
grid_117,0.2,clay,46,5
grid_117,0.5,clay,46,5
grid_117,0.5,clay,46,5
grid_118,0.2,sandy loam,46,5
grid_118,0.2,sandy loam,46,5
grid_118,0.2,sandy clay loam,46,5
grid_118,0.2,sandy loam,46,5
grid_118,0.2,sandy loam,46,5
grid_118,0.5,sandy loam,46,5
grid_118,0.5,sandy clay loam,46,5
grid_119,0.2,sandy loam,46,5
grid_119,0.2,sandy loam,46,5
grid_119,0.2,sandy loam,46,5
grid_119,0.2,sandy loam,46,5
grid_119,0.2,sandy loam,46,5
grid_119,0.5,sandy loam,46,5
grid_119,0.5,sandy clay loam,46,5
grid_120,0.2,sandy loam,46,5
grid_120,0.2,sandy loam,46,5
grid_120,0.2,sandy loam,46,5
grid_120,0.2,sandy loam,46,5
grid_120,0.2,sandy loam,46,5
grid_120,0.5,sandy loam,46,5
grid_120,0.5,sandy clay loam,46,5
grid_121,0.2,sandy loam,46,5
grid_121,0.2,sandy loam,46,5
grid_121,0.2,sandy loam,46,5
grid_121,0.2,sandy loam,46,5
grid_121,0.2,sandy loam,46,5
grid_121,0.5,sandy loam,46,5
grid_121,0.5,sandy clay loam,46,5
grid_122,0.2,sandy loam,46,5
grid_122,0.2,sandy loam,46,5
grid_122,0.2,sandy loam,46,5
grid_122,0.2,sandy loam,46,5
grid_122,0.2,sandy loam,46,5
grid_122,0.5,sandy loam,46,5
grid_122,0.5,sandy clay loam,46,5
grid_123,0.2,sandy loam,46,5
grid_123,0.2,sandy loam,46,5
grid_123,0.2,sandy loam,46,5
grid_123,0.2,sandy loam,46,5
grid_123,0.2,sandy loam,46,5
grid_123,0.5,sandy loam,46,5
grid_123,0.5,sandy clay loam,46,5
grid_124,0.2,sandy loam,46,5
grid_124,0.2,sandy loam,46,5
grid_124,0.2,sandy loam,46,5
grid_124,0.2,sandy loam,46,5
grid_124,0.2,sandy loam,46,5
grid_124,0.5,sandy loam,46,5
grid_124,0.5,sandy clay loam,46,5
grid_125,0.2,sandy loam,46,5
grid_125,0.2,sandy loam,46,5
grid_125,0.2,sandy loam,46,5
grid_125,0.2,sandy loam,46,5
grid_125,0.2,sandy loam,46,5
grid_125,0.5,sandy loam,46,5
grid_125,0.5,sandy clay loam,46,5
grid_126,0.2,sandy loam,46,5
grid_126,0.2,sandy loam,46,5
grid_126,0.2,sandy loam,46,5
grid_126,0.2,sandy loam,46,5
grid_126,0.2,sandy loam,46,5
grid_126,0.5,sandy loam,46,5
grid_126,0.5,sandy clay loam,46,5
grid_127,0.2,sandy loam,46,5
grid_127,0.2,sandy loam,46,5
grid_127,0.2,sandy loam,46,5
grid_127,0.2,sandy loam,46,5
grid_127,0.2,sandy loam,46,5
grid_127,0.5,sandy loam,46,5
grid_127,0.5,sandy clay loam,46,5
grid_128,0.2,sandy loam,46,5
grid_128,0.2,sandy loam,46,5
grid_128,0.2,sandy loam,46,5
grid_128,0.2,sandy loam,46,5
grid_128,0.2,sandy loam,46,5
grid_128,0.5,sandy loam,46,5
grid_128,0.5,sandy clay loam,46,5
grid_129,0.2,sandy loam,46,5
grid_129,0.2,sandy loam,46,5
grid_129,0.2,sandy loam,46,5
grid_129,0.2,sandy loam,46,5
grid_129,0.2,sandy loam,46,5
grid_129,0.5,sandy loam,46,5
grid_129,0.5,sandy clay loam,46,5
grid_130,0.2,sandy loam,46,5
grid_130,0.2,sandy loam,46,5
grid_130,0.2,sandy loam,46,5
grid_130,0.2,sandy loam,46,5
grid_130,0.2,sandy loam,46,5
grid_130,0.5,sandy loam,46,5
grid_130,0.5,sandy clay loam,46,5
grid_131,0.2,sandy loam,46,5
grid_131,0.2,sandy loam,46,5
grid_131,0.2,sandy loam,46,5
grid_131,0.2,sandy loam,46,5
grid_131,0.2,sandy loam,46,5
grid_131,0.5,sandy loam,46,5
grid_131,0.5,sandy clay loam,46,5
grid_132,0.2,sandy loam,46,5
grid_132,0.2,sandy loam,46,5
grid_132,0.2,sandy loam,46,5
grid_132,0.2,sandy loam,46,5
grid_132,0.2,sandy loam,46,5
grid_132,0.5,sandy loam,46,5
grid_132,0.5,sandy clay loam,46,5
grid_133,0.2,sandy loam,46,5
grid_133,0.2,sandy loam,46,5
grid_133,0.2,sandy loam,46,5
grid_133,0.2,sandy loam,46,5
grid_133,0.2,sandy loam,46,5
grid_133,0.5,sandy loam,46,5
grid_133,0.5,sandy clay loam,46,5
grid_134,0.2,sandy loam,46,5
grid_134,0.2,sandy loam,46,5
grid_134,0.2,sandy loam,46,5
grid_134,0.2,sandy loam,46,5
grid_134,0.2,sandy loam,46,5
grid_134,0.5,sandy loam,46,5
grid_134,0.5,sandy clay loam,46,5
grid_135,0.2,sandy loam,46,5
grid_135,0.2,sandy loam,46,5
grid_135,0.2,sandy loam,46,5
grid_135,0.2,sandy loam,46,5
grid_135,0.2,sandy loam,46,5
grid_135,0.5,sandy loam,46,5
grid_135,0.5,sandy clay loam,46,5
grid_136,0.2,sandy loam,46,5
grid_136,0.2,sandy loam,46,5
grid_136,0.2,sandy loam,46,5
grid_136,0.2,sandy loam,46,5
grid_136,0.2,sandy loam,46,5
grid_136,0.5,sandy loam,46,5
grid_136,0.5,sandy clay loam,46,5
grid_137,0.2,sandy loam,46,5
grid_137,0.2,sandy loam,46,5
grid_137,0.2,sandy loam,46,5
grid_137,0.2,sandy loam,46,5
grid_137,0.2,sandy loam,46,5
grid_137,0.5,sandy loam,46,5
grid_137,0.5,sandy clay loam,46,5
grid_138,0.2,sandy loam,46,5
grid_138,0.2,sandy clay loam,46,5
grid_138,0.2,sandy clay loam,46,5
grid_138,0.2,sandy clay,46,5
grid_138,0.2,sandy clay,46,5
grid_138,0.5,sandy clay,46,5
grid_138,0.5,clay loam,46,5
grid_139,0.2,sandy loam,46,5
grid_139,0.2,sandy loam,46,5
grid_139,0.2,sandy loam,46,5
grid_139,0.2,sandy loam,46,5
grid_139,0.2,sandy loam,46,5
grid_139,0.5,sandy loam,46,5
grid_139,0.5,sandy clay loam,46,5
grid_140,0.2,sandy loam,46,5
grid_140,0.2,sandy loam,46,5
grid_140,0.2,sandy clay loam,46,5
grid_140,0.2,sandy loam,46,5
grid_140,0.2,sandy loam,46,5
grid_140,0.5,sandy loam,46,5
grid_140,0.5,sandy loam,46,5
grid_141,0.2,sandy loam,46,5
grid_141,0.2,sandy loam,46,5
grid_141,0.2,sandy clay loam,46,5
grid_141,0.2,sandy loam,46,5
grid_141,0.2,sandy loam,46,5
grid_141,0.5,sandy loam,46,5
grid_141,0.5,sandy loam,46,5
grid_142,0.2,sandy loam,46,5
grid_142,0.2,sandy loam,46,5
grid_142,0.2,sandy clay loam,46,5
grid_142,0.2,sandy loam,46,5
grid_142,0.2,sandy loam,46,5
grid_142,0.5,sandy loam,46,5
grid_142,0.5,sandy loam,46,5
grid_143,0.2,sandy loam,46,5
grid_143,0.2,sandy loam,46,5
grid_143,0.2,sandy clay loam,46,5
grid_143,0.2,sandy loam,46,5
grid_143,0.2,sandy loam,46,5
grid_143,0.5,sandy loam,46,5
grid_143,0.5,sandy clay loam,46,5
grid_144,0.2,sandy loam,46,5
grid_144,0.2,sandy loam,46,5
grid_144,0.2,sandy loam,46,5
grid_144,0.2,sandy loam,46,5
grid_144,0.2,sandy loam,46,5
grid_144,0.5,sandy loam,46,5
grid_144,0.5,sandy clay loam,46,5
grid_145,0.2,sandy loam,46,5
grid_145,0.2,sandy loam,46,5
grid_145,0.2,sandy loam,46,5
grid_145,0.2,sandy loam,46,5
grid_145,0.2,sandy loam,46,5
grid_145,0.5,sandy loam,46,5
grid_145,0.5,sandy clay loam,46,5
grid_146,0.2,sandy loam,46,5
grid_146,0.2,sandy loam,46,5
grid_146,0.2,sandy loam,46,5
grid_146,0.2,sandy loam,46,5
grid_146,0.2,sandy loam,46,5
grid_146,0.5,sandy loam,46,5
grid_146,0.5,sandy clay loam,46,5
grid_147,0.2,sandy loam,46,5
grid_147,0.2,sandy loam,46,5
grid_147,0.2,sandy loam,46,5
grid_147,0.2,sandy loam,46,5
grid_147,0.2,sandy loam,46,5
grid_147,0.5,sandy loam,46,5
grid_147,0.5,sandy clay loam,46,5
grid_148,0.2,sandy loam,46,5
grid_148,0.2,sandy loam,46,5
grid_148,0.2,sandy loam,46,5
grid_148,0.2,sandy loam,46,5
grid_148,0.2,sandy loam,46,5
grid_148,0.5,sandy loam,46,5
grid_148,0.5,sandy clay loam,46,5
grid_149,0.2,sandy loam,46,5
grid_149,0.2,sandy loam,46,5
grid_149,0.2,sandy loam,46,5
grid_149,0.2,sandy loam,46,5
grid_149,0.2,sandy loam,46,5
grid_149,0.5,sandy loam,46,5
grid_149,0.5,sandy clay loam,46,5
grid_150,0.2,sandy loam,46,5
grid_150,0.2,sandy loam,46,5
grid_150,0.2,sandy loam,46,5
grid_150,0.2,sandy loam,46,5
grid_150,0.2,sandy loam,46,5
grid_150,0.5,sandy loam,46,5
grid_150,0.5,sandy clay loam,46,5
grid_151,0.2,sandy loam,46,5
grid_151,0.2,sandy loam,46,5
grid_151,0.2,sandy clay loam,46,5
grid_151,0.2,sandy clay loam,46,5
grid_151,0.2,sandy clay loam,46,5
grid_151,0.5,sandy clay loam,46,5
grid_151,0.5,sandy clay,46,5
grid_152,0.2,sandy loam,46,5
grid_152,0.2,sandy loam,46,5
grid_152,0.2,sandy loam,46,5
grid_152,0.2,sandy loam,46,5
grid_152,0.2,sandy loam,46,5
grid_152,0.5,sandy loam,46,5
grid_152,0.5,sandy clay loam,46,5
grid_153,0.2,sandy loam,46,5
grid_153,0.2,sandy loam,46,5
grid_153,0.2,sandy loam,46,5
grid_153,0.2,sandy loam,46,5
grid_153,0.2,sandy loam,46,5
grid_153,0.5,sandy loam,46,5
grid_153,0.5,sandy clay loam,46,5
grid_154,0.2,sandy loam,46,5
grid_154,0.2,sandy loam,46,5
grid_154,0.2,sandy loam,46,5
grid_154,0.2,sandy loam,46,5
grid_154,0.2,sandy loam,46,5
grid_154,0.5,sandy loam,46,5
grid_154,0.5,sandy clay loam,46,5
grid_155,0.2,sandy loam,46,5
grid_155,0.2,sandy loam,46,5
grid_155,0.2,sandy loam,46,5
grid_155,0.2,sandy loam,46,5
grid_155,0.2,sandy loam,46,5
grid_155,0.5,sandy loam,46,5
grid_155,0.5,sandy clay loam,46,5
grid_156,0.2,sandy loam,46,5
grid_156,0.2,sandy loam,46,5
grid_156,0.2,sandy loam,46,5
grid_156,0.2,sandy loam,46,5
grid_156,0.2,sandy loam,46,5
grid_156,0.5,sandy loam,46,5
grid_156,0.5,sandy clay loam,46,5
grid_157,0.2,sandy loam,46,5
grid_157,0.2,sandy loam,46,5
grid_157,0.2,sandy loam,46,5
grid_157,0.2,sandy loam,46,5
grid_157,0.2,sandy loam,46,5
grid_157,0.5,sandy loam,46,5
grid_157,0.5,sandy clay loam,46,5
grid_158,0.2,sandy loam,46,5
grid_158,0.2,sandy loam,46,5
grid_158,0.2,sandy loam,46,5
grid_158,0.2,sandy loam,46,5
grid_158,0.2,sandy loam,46,5
grid_158,0.5,sandy loam,46,5
grid_158,0.5,sandy clay loam,46,5
grid_159,0.2,sandy loam,46,5
grid_159,0.2,sandy loam,46,5
grid_159,0.2,sandy loam,46,5
grid_159,0.2,sandy loam,46,5
grid_159,0.2,sandy loam,46,5
grid_159,0.5,sandy loam,46,5
grid_159,0.5,sandy clay loam,46,5
grid_160,0.2,sandy loam,46,5
grid_160,0.2,sandy loam,46,5
grid_160,0.2,sandy loam,46,5
grid_160,0.2,sandy loam,46,5
grid_160,0.2,sandy loam,46,5
grid_160,0.5,sandy loam,46,5
grid_160,0.5,sandy clay loam,46,5
grid_161,0.2,sandy loam,46,5
grid_161,0.2,sandy loam,46,5
grid_161,0.2,sandy loam,46,5
grid_161,0.2,sandy loam,46,5
grid_161,0.2,sandy loam,46,5
grid_161,0.5,sandy loam,46,5
grid_161,0.5,sandy clay loam,46,5
grid_162,0.2,sandy loam,46,5
grid_162,0.2,sandy loam,46,5
grid_162,0.2,sandy loam,46,5
grid_162,0.2,sandy loam,46,5
grid_162,0.2,sandy loam,46,5
grid_162,0.5,sandy loam,46,5
grid_162,0.5,sandy clay loam,46,5
grid_163,0.2,sandy loam,46,5
grid_163,0.2,sandy loam,46,5
grid_163,0.2,sandy loam,46,5
grid_163,0.2,sandy loam,46,5
grid_163,0.2,sandy loam,46,5
grid_163,0.5,sandy loam,46,5
grid_163,0.5,sandy clay loam,46,5
grid_164,0.2,sandy loam,46,5
grid_164,0.2,sandy loam,46,5
grid_164,0.2,sandy loam,46,5
grid_164,0.2,sandy loam,46,5
grid_164,0.2,sandy loam,46,5
grid_164,0.5,sandy loam,46,5
grid_164,0.5,sandy clay loam,46,5
grid_165,0.2,sandy loam,46,5
grid_165,0.2,sandy loam,46,5
grid_165,0.2,sandy loam,46,5
grid_165,0.2,sandy loam,46,5
grid_165,0.2,sandy loam,46,5
grid_165,0.5,sandy loam,46,5
grid_165,0.5,sandy clay loam,46,5
grid_166,0.2,sandy loam,46,5
grid_166,0.2,sandy loam,46,5
grid_166,0.2,sandy clay loam,46,5
grid_166,0.2,sandy loam,46,5
grid_166,0.2,sandy loam,46,5
grid_166,0.5,sandy loam,46,5
grid_166,0.5,sandy loam,46,5
grid_167,0.2,sandy loam,46,5
grid_167,0.2,sandy loam,46,5
grid_167,0.2,sandy loam,46,5
grid_167,0.2,sandy loam,46,5
grid_167,0.2,sandy loam,46,5
grid_167,0.5,sandy loam,46,5
grid_167,0.5,sandy clay loam,46,5
grid_168,0.2,sandy loam,46,5
grid_168,0.2,sandy loam,46,5
grid_168,0.2,sandy clay loam,46,5
grid_168,0.2,sandy loam,46,5
grid_168,0.2,sandy loam,46,5
grid_168,0.5,sandy loam,46,5
grid_168,0.5,sandy loam,46,5
grid_169,0.2,sandy loam,46,5
grid_169,0.2,sandy loam,46,5
grid_169,0.2,sandy loam,46,5
grid_169,0.2,sandy loam,46,5
grid_169,0.2,sandy loam,46,5
grid_169,0.5,sandy loam,46,5
grid_169,0.5,sandy clay loam,46,5
grid_170,0.2,sandy loam,46,5
grid_170,0.2,sandy clay loam,46,5
grid_170,0.2,sandy clay loam,46,5
grid_170,0.2,sandy clay,46,5
grid_170,0.2,sandy clay,46,5
grid_170,0.5,sandy clay,46,5
grid_170,0.5,clay loam,46,5
grid_171,0.2,sandy loam,46,5
grid_171,0.2,sandy clay loam,46,5
grid_171,0.2,sandy clay loam,46,5
grid_171,0.2,sandy clay,46,5
grid_171,0.2,sandy clay,46,5
grid_171,0.5,sandy clay,46,5
grid_171,0.5,clay loam,46,5
grid_172,0.2,sandy loam,46,5
grid_172,0.2,sandy loam,46,5
grid_172,0.2,sandy loam,46,5
grid_172,0.2,sandy loam,46,5
grid_172,0.2,sandy loam,46,5
grid_172,0.5,sandy loam,46,5
grid_172,0.5,sandy clay loam,46,5
grid_173,0.2,sandy loam,46,5
grid_173,0.2,sandy loam,46,5
grid_173,0.2,sandy loam,46,5
grid_173,0.2,sandy loam,46,5
grid_173,0.2,sandy loam,46,5
grid_173,0.5,sandy loam,46,5
grid_173,0.5,sandy clay loam,46,5
grid_174,0.2,sandy loam,46,5
grid_174,0.2,sandy loam,46,5
grid_174,0.2,sandy loam,46,5
grid_174,0.2,sandy loam,46,5
grid_174,0.2,sandy loam,46,5
grid_174,0.5,sandy loam,46,5
grid_174,0.5,sandy clay loam,46,5
grid_175,0.2,sandy loam,46,5
grid_175,0.2,sandy loam,46,5
grid_175,0.2,sandy loam,46,5
grid_175,0.2,sandy loam,46,5
grid_175,0.2,sandy loam,46,5
grid_175,0.5,sandy loam,46,5
grid_175,0.5,sandy clay loam,46,5
grid_176,0.2,sandy loam,46,5
grid_176,0.2,sandy loam,46,5
grid_176,0.2,sandy loam,46,5
grid_176,0.2,sandy loam,46,5
grid_176,0.2,sandy loam,46,5
grid_176,0.5,sandy loam,46,5
grid_176,0.5,sandy clay loam,46,5
grid_177,0.2,sandy loam,46,5
grid_177,0.2,sandy loam,46,5
grid_177,0.2,sandy clay loam,46,5
grid_177,0.2,sandy clay loam,46,5
grid_177,0.2,sandy clay loam,46,5
grid_177,0.5,sandy clay loam,46,5
grid_177,0.5,sandy clay,46,5
grid_178,0.2,sandy loam,46,5
grid_178,0.2,sandy loam,46,5
grid_178,0.2,sandy clay loam,46,5
grid_178,0.2,sandy clay loam,46,5
grid_178,0.2,sandy clay loam,46,5
grid_178,0.5,sandy clay loam,46,5
grid_178,0.5,sandy clay,46,5
grid_179,0.2,sandy loam,46,5
grid_179,0.2,sandy loam,46,5
grid_179,0.2,sandy clay loam,46,5
grid_179,0.2,sandy clay loam,46,5
grid_179,0.2,sandy clay loam,46,5
grid_179,0.5,sandy clay loam,46,5
grid_179,0.5,sandy clay,46,5
grid_180,0.2,clay,46,5
grid_180,0.2,clay,46,5
grid_180,0.2,clay,46,5
grid_180,0.2,clay,46,5
grid_180,0.2,clay,46,5
grid_180,0.5,clay,46,5
grid_180,0.5,clay,46,5
grid_181,0.2,sandy loam,46,5
grid_181,0.2,sandy loam,46,5
grid_181,0.2,sandy loam,46,5
grid_181,0.2,sandy loam,46,5
grid_181,0.2,sandy loam,46,5
grid_181,0.5,sandy loam,46,5
grid_181,0.5,sandy clay loam,46,5
grid_182,0.2,sandy loam,46,5
grid_182,0.2,sandy loam,46,5
grid_182,0.2,sandy loam,46,5
grid_182,0.2,sandy loam,46,5
grid_182,0.2,sandy loam,46,5
grid_182,0.5,sandy loam,46,5
grid_182,0.5,sandy clay loam,46,5
grid_183,0.2,sandy loam,46,5
grid_183,0.2,sandy loam,46,5
grid_183,0.2,sandy loam,46,5
grid_183,0.2,sandy loam,46,5
grid_183,0.2,sandy loam,46,5
grid_183,0.5,sandy loam,46,5
grid_183,0.5,sandy clay loam,46,5
grid_184,0.2,sandy loam,46,5
grid_184,0.2,sandy loam,46,5
grid_184,0.2,sandy loam,46,5
grid_184,0.2,sandy loam,46,5
grid_184,0.2,sandy loam,46,5
grid_184,0.5,sandy loam,46,5
grid_184,0.5,sandy clay loam,46,5
grid_185,0.2,sandy loam,46,5
grid_185,0.2,sandy loam,46,5
grid_185,0.2,sandy loam,46,5
grid_185,0.2,sandy loam,46,5
grid_185,0.2,sandy loam,46,5
grid_185,0.5,sandy loam,46,5
grid_185,0.5,sandy clay loam,46,5
grid_186,0.2,sandy loam,46,5
grid_186,0.2,sandy loam,46,5
grid_186,0.2,sandy loam,46,5
grid_186,0.2,sandy loam,46,5
grid_186,0.2,sandy loam,46,5
grid_186,0.5,sandy loam,46,5
grid_186,0.5,sandy clay loam,46,5
grid_187,0.2,sandy loam,46,5
grid_187,0.2,sandy loam,46,5
grid_187,0.2,sandy loam,46,5
grid_187,0.2,sandy loam,46,5
grid_187,0.2,sandy loam,46,5
grid_187,0.5,sandy loam,46,5
grid_187,0.5,sandy clay loam,46,5
grid_188,0.2,sandy loam,46,5
grid_188,0.2,sandy loam,46,5
grid_188,0.2,sandy loam,46,5
grid_188,0.2,sandy loam,46,5
grid_188,0.2,sandy loam,46,5
grid_188,0.5,sandy loam,46,5
grid_188,0.5,sandy clay loam,46,5
grid_189,0.2,sandy loam,46,5
grid_189,0.2,sandy loam,46,5
grid_189,0.2,sandy loam,46,5
grid_189,0.2,sandy loam,46,5
grid_189,0.2,sandy loam,46,5
grid_189,0.5,sandy loam,46,5
grid_189,0.5,sandy clay loam,46,5
grid_190,0.2,sandy loam,46,5
grid_190,0.2,sandy loam,46,5
grid_190,0.2,sandy loam,46,5
grid_190,0.2,sandy loam,46,5
grid_190,0.2,sandy loam,46,5
grid_190,0.5,sandy loam,46,5
grid_190,0.5,sandy clay loam,46,5
grid_191,0.2,sandy loam,46,5
grid_191,0.2,sandy loam,46,5
grid_191,0.2,sandy loam,46,5
grid_191,0.2,sandy loam,46,5
grid_191,0.2,sandy loam,46,5
grid_191,0.5,sandy loam,46,5
grid_191,0.5,sandy clay loam,46,5
grid_192,0.2,sandy loam,46,5
grid_192,0.2,sandy loam,46,5
grid_192,0.2,sandy loam,46,5
grid_192,0.2,sandy loam,46,5
grid_192,0.2,sandy loam,46,5
grid_192,0.5,sandy loam,46,5
grid_192,0.5,sandy clay loam,46,5
grid_193,0.2,sandy loam,46,5
grid_193,0.2,sandy loam,46,5
grid_193,0.2,sandy loam,46,5
grid_193,0.2,sandy loam,46,5
grid_193,0.2,sandy loam,46,5
grid_193,0.5,sandy loam,46,5
grid_193,0.5,sandy clay loam,46,5
grid_194,0.2,sandy loam,46,5
grid_194,0.2,sandy loam,46,5
grid_194,0.2,sandy loam,46,5
grid_194,0.2,sandy loam,46,5
grid_194,0.2,sandy loam,46,5
grid_194,0.5,sandy loam,46,5
grid_194,0.5,sandy clay loam,46,5
grid_195,0.2,sandy loam,46,5
grid_195,0.2,sandy loam,46,5
grid_195,0.2,sandy loam,46,5
grid_195,0.2,sandy loam,46,5
grid_195,0.2,sandy loam,46,5
grid_195,0.5,sandy loam,46,5
grid_195,0.5,sandy clay loam,46,5
grid_196,0.2,sandy loam,46,5
grid_196,0.2,sandy loam,46,5
grid_196,0.2,sandy loam,46,5
grid_196,0.2,sandy loam,46,5
grid_196,0.2,sandy loam,46,5
grid_196,0.5,sandy loam,46,5
grid_196,0.5,sandy clay loam,46,5
grid_197,0.2,sandy loam,46,5
grid_197,0.2,sandy loam,46,5
grid_197,0.2,sandy clay loam,46,5
grid_197,0.2,sandy loam,46,5
grid_197,0.2,sandy loam,46,5
grid_197,0.5,sandy loam,46,5
grid_197,0.5,sandy loam,46,5
grid_198,0.2,sandy loam,46,5
grid_198,0.2,sandy clay loam,46,5
grid_198,0.2,sandy clay loam,46,5
grid_198,0.2,sandy clay,46,5
grid_198,0.2,sandy clay,46,5
grid_198,0.5,sandy clay,46,5
grid_198,0.5,clay loam,46,5
grid_199,0.2,clay,46,5
grid_199,0.2,clay,46,5
grid_199,0.2,clay,46,5
grid_199,0.2,clay,46,5
grid_199,0.2,clay,46,5
grid_199,0.5,clay,46,5
grid_199,0.5,clay,46,5
grid_200,0.2,sandy loam,46,5
grid_200,0.2,sandy loam,46,5
grid_200,0.2,sandy clay loam,46,5
grid_200,0.2,sandy clay loam,46,5
grid_200,0.2,sandy clay loam,46,5
grid_200,0.5,sandy clay loam,46,5
grid_200,0.5,sandy clay,46,5
grid_201,0.2,sandy loam,46,5
grid_201,0.2,sandy loam,46,5
grid_201,0.2,sandy loam,46,5
grid_201,0.2,sandy loam,46,5
grid_201,0.2,sandy loam,46,5
grid_201,0.5,sandy loam,46,5
grid_201,0.5,sandy clay loam,46,5
grid_202,0.2,sandy loam,46,5
grid_202,0.2,sandy loam,46,5
grid_202,0.2,sandy loam,46,5
grid_202,0.2,sandy loam,46,5
grid_202,0.2,sandy loam,46,5
grid_202,0.5,sandy loam,46,5
grid_202,0.5,sandy clay loam,46,5
grid_203,0.2,sandy loam,46,5
grid_203,0.2,sandy loam,46,5
grid_203,0.2,sandy loam,46,5
grid_203,0.2,sandy loam,46,5
grid_203,0.2,sandy loam,46,5
grid_203,0.5,sandy loam,46,5
grid_203,0.5,sandy clay loam,46,5
grid_204,0.2,sandy loam,46,5
grid_204,0.2,sandy loam,46,5
grid_204,0.2,sandy clay loam,46,5
grid_204,0.2,sandy clay loam,46,5
grid_204,0.2,sandy clay loam,46,5
grid_204,0.5,sandy clay loam,46,5
grid_204,0.5,sandy clay,46,5
grid_205,0.2,sandy loam,46,5
grid_205,0.2,sandy loam,46,5
grid_205,0.2,sandy clay loam,46,5
grid_205,0.2,sandy clay loam,46,5
grid_205,0.2,sandy clay loam,46,5
grid_205,0.5,sandy clay loam,46,5
grid_205,0.5,sandy clay,46,5
grid_206,0.2,sandy loam,46,5
grid_206,0.2,sandy loam,46,5
grid_206,0.2,sandy clay loam,46,5
grid_206,0.2,sandy clay loam,46,5
grid_206,0.2,sandy clay loam,46,5
grid_206,0.5,sandy clay loam,46,5
grid_206,0.5,sandy clay,46,5
grid_207,0.2,sandy loam,46,5
grid_207,0.2,sandy loam,46,5
grid_207,0.2,sandy clay loam,46,5
grid_207,0.2,sandy clay loam,46,5
grid_207,0.2,sandy clay loam,46,5
grid_207,0.5,sandy clay loam,46,5
grid_207,0.5,sandy clay,46,5
grid_208,0.2,clay,46,5
grid_208,0.2,clay,46,5
grid_208,0.2,clay,46,5
grid_208,0.2,clay,46,5
grid_208,0.2,clay,46,5
grid_208,0.5,clay,46,5
grid_208,0.5,clay,46,5
grid_209,0.2,sandy loam,46,5
grid_209,0.2,sandy loam,46,5
grid_209,0.2,sandy loam,46,5
grid_209,0.2,sandy loam,46,5
grid_209,0.2,sandy loam,46,5
grid_209,0.5,sandy loam,46,5
grid_209,0.5,sandy clay loam,46,5
grid_210,0.2,sandy loam,46,5
grid_210,0.2,sandy loam,46,5
grid_210,0.2,sandy loam,46,5
grid_210,0.2,sandy loam,46,5
grid_210,0.2,sandy loam,46,5
grid_210,0.5,sandy loam,46,5
grid_210,0.5,sandy clay loam,46,5
grid_211,0.2,sandy loam,46,5
grid_211,0.2,sandy loam,46,5
grid_211,0.2,sandy loam,46,5
grid_211,0.2,sandy loam,46,5
grid_211,0.2,sandy loam,46,5
grid_211,0.5,sandy loam,46,5
grid_211,0.5,sandy clay loam,46,5
grid_212,0.2,sandy loam,46,5
grid_212,0.2,sandy loam,46,5
grid_212,0.2,sandy clay loam,46,5
grid_212,0.2,sandy loam,46,5
grid_212,0.2,sandy loam,46,5
grid_212,0.5,sandy loam,46,5
grid_212,0.5,sandy loam,46,5
grid_213,0.2,sandy loam,46,5
grid_213,0.2,sandy loam,46,5
grid_213,0.2,sandy loam,46,5
grid_213,0.2,sandy loam,46,5
grid_213,0.2,sandy loam,46,5
grid_213,0.5,sandy loam,46,5
grid_213,0.5,sandy clay loam,46,5
grid_214,0.2,sandy loam,46,5
grid_214,0.2,sandy loam,46,5
grid_214,0.2,sandy loam,46,5
grid_214,0.2,sandy loam,46,5
grid_214,0.2,sandy loam,46,5
grid_214,0.5,sandy loam,46,5
grid_214,0.5,sandy clay loam,46,5
grid_215,0.2,sandy loam,46,5
grid_215,0.2,sandy loam,46,5
grid_215,0.2,sandy loam,46,5
grid_215,0.2,sandy loam,46,5
grid_215,0.2,sandy loam,46,5
grid_215,0.5,sandy loam,46,5
grid_215,0.5,sandy clay loam,46,5
grid_216,0.2,sandy loam,46,5
grid_216,0.2,sandy loam,46,5
grid_216,0.2,sandy loam,46,5
grid_216,0.2,sandy loam,46,5
grid_216,0.2,sandy loam,46,5
grid_216,0.5,sandy loam,46,5
grid_216,0.5,sandy clay loam,46,5
grid_217,0.2,sandy loam,46,5
grid_217,0.2,sandy loam,46,5
grid_217,0.2,sandy loam,46,5
grid_217,0.2,sandy loam,46,5
grid_217,0.2,sandy loam,46,5
grid_217,0.5,sandy loam,46,5
grid_217,0.5,sandy clay loam,46,5
grid_218,0.2,sandy loam,46,5
grid_218,0.2,sandy loam,46,5
grid_218,0.2,sandy loam,46,5
grid_218,0.2,sandy loam,46,5
grid_218,0.2,sandy loam,46,5
grid_218,0.5,sandy loam,46,5
grid_218,0.5,sandy clay loam,46,5
grid_219,0.2,sandy loam,46,5
grid_219,0.2,sandy loam,46,5
grid_219,0.2,sandy loam,46,5
grid_219,0.2,sandy loam,46,5
grid_219,0.2,sandy loam,46,5
grid_219,0.5,sandy loam,46,5
grid_219,0.5,sandy clay loam,46,5
grid_220,0.2,sandy loam,46,5
grid_220,0.2,sandy loam,46,5
grid_220,0.2,sandy loam,46,5
grid_220,0.2,sandy loam,46,5
grid_220,0.2,sandy loam,46,5
grid_220,0.5,sandy loam,46,5
grid_220,0.5,sandy clay loam,46,5
grid_221,0.2,sandy loam,46,5
grid_221,0.2,sandy loam,46,5
grid_221,0.2,sandy loam,46,5
grid_221,0.2,sandy loam,46,5
grid_221,0.2,sandy loam,46,5
grid_221,0.5,sandy loam,46,5
grid_221,0.5,sandy clay loam,46,5
grid_222,0.2,sandy loam,46,5
grid_222,0.2,sandy clay loam,46,5
grid_222,0.2,sandy clay loam,46,5
grid_222,0.2,sandy clay,46,5
grid_222,0.2,sandy clay,46,5
grid_222,0.5,sandy clay,46,5
grid_222,0.5,clay loam,46,5
grid_223,0.2,sandy loam,46,5
grid_223,0.2,sandy loam,46,5
grid_223,0.2,sandy clay loam,46,5
grid_223,0.2,sandy loam,46,5
grid_223,0.2,sandy loam,46,5
grid_223,0.5,sandy loam,46,5
grid_223,0.5,sandy loam,46,5
grid_224,0.2,sandy loam,46,5
grid_224,0.2,sandy loam,46,5
grid_224,0.2,clay,46,5
grid_224,0.2,sandy loam,46,5
grid_224,0.2,sandy loam,46,5
grid_224,0.5,sandy loam,46,5
grid_224,0.5,clay,46,5
grid_225,0.2,sandy loam,46,5
grid_225,0.2,sandy loam,46,5
grid_225,0.2,sandy loam,46,5
grid_225,0.2,sandy loam,46,5
grid_225,0.2,sandy loam,46,5
grid_225,0.5,sandy loam,46,5
grid_225,0.5,sandy clay loam,46,5
grid_226,0.2,sandy loam,46,5
grid_226,0.2,sandy loam,46,5
grid_226,0.2,sandy loam,46,5
grid_226,0.2,sandy loam,46,5
grid_226,0.2,sandy loam,46,5
grid_226,0.5,sandy loam,46,5
grid_226,0.5,sandy clay loam,46,5
grid_227,0.2,sandy loam,46,5
grid_227,0.2,sandy loam,46,5
grid_227,0.2,sandy loam,46,5
grid_227,0.2,sandy loam,46,5
grid_227,0.2,sandy loam,46,5
grid_227,0.5,sandy loam,46,5
grid_227,0.5,sandy loam,46,5
grid_228,0.2,sandy loam,46,5
grid_228,0.2,sandy loam,46,5
grid_228,0.2,sandy clay loam,46,5
grid_228,0.2,sandy loam,46,5
grid_228,0.2,sandy loam,46,5
grid_228,0.5,sandy loam,46,5
grid_228,0.5,sandy loam,46,5
grid_229,0.2,sandy loam,46,5
grid_229,0.2,sandy clay loam,46,5
grid_229,0.2,sandy clay loam,46,5
grid_229,0.2,sandy clay,46,5
grid_229,0.2,sandy clay,46,5
grid_229,0.5,sandy clay,46,5
grid_229,0.5,clay loam,46,5
grid_230,0.2,clay,46,5
grid_230,0.2,clay,46,5
grid_230,0.2,clay,46,5
grid_230,0.2,clay,46,5
grid_230,0.2,clay,46,5
grid_230,0.5,clay,46,5
grid_230,0.5,clay,46,5
grid_231,0.2,sandy loam,46,5
grid_231,0.2,sandy loam,46,5
grid_231,0.2,sandy clay loam,46,5
grid_231,0.2,sandy clay loam,46,5
grid_231,0.2,sandy clay loam,46,5
grid_231,0.5,sandy clay loam,46,5
grid_231,0.5,sandy clay,46,5
grid_232,0.2,sandy loam,46,5
grid_232,0.2,sandy loam,46,5
grid_232,0.2,sandy loam,46,5
grid_232,0.2,sandy loam,46,5
grid_232,0.2,sandy loam,46,5
grid_232,0.5,sandy loam,46,5
grid_232,0.5,sandy clay loam,46,5
grid_233,0.2,sandy loam,46,5
grid_233,0.2,sandy loam,46,5
grid_233,0.2,sandy clay loam,46,5
grid_233,0.2,sandy clay loam,46,5
grid_233,0.2,sandy clay loam,46,5
grid_233,0.5,sandy clay loam,46,5
grid_233,0.5,sandy clay,46,5
grid_234,0.2,sandy loam,46,5
grid_234,0.2,sandy loam,46,5
grid_234,0.2,sandy clay loam,46,5
grid_234,0.2,sandy clay loam,46,5
grid_234,0.2,sandy clay loam,46,5
grid_234,0.5,sandy clay loam,46,5
grid_234,0.5,sandy clay,46,5
grid_235,0.2,sandy loam,46,5
grid_235,0.2,sandy loam,46,5
grid_235,0.2,sandy clay loam,46,5
grid_235,0.2,sandy clay loam,46,5
grid_235,0.2,sandy clay loam,46,5
grid_235,0.5,sandy clay loam,46,5
grid_235,0.5,sandy clay,46,5
grid_236,0.2,sandy loam,46,5
grid_236,0.2,sandy loam,46,5
grid_236,0.2,sandy clay loam,46,5
grid_236,0.2,sandy clay loam,46,5
grid_236,0.2,sandy clay loam,46,5
grid_236,0.5,sandy clay loam,46,5
grid_236,0.5,sandy clay,46,5
grid_237,0.2,sandy loam,46,5
grid_237,0.2,sandy loam,46,5
grid_237,0.2,sandy clay loam,46,5
grid_237,0.2,sandy clay loam,46,5
grid_237,0.2,sandy clay loam,46,5
grid_237,0.5,sandy clay loam,46,5
grid_237,0.5,sandy clay,46,5
grid_238,0.2,sandy loam,46,5
grid_238,0.2,sandy loam,46,5
grid_238,0.2,sandy clay loam,46,5
grid_238,0.2,sandy clay loam,46,5
grid_238,0.2,sandy clay loam,46,5
grid_238,0.5,sandy clay loam,46,5
grid_238,0.5,sandy clay,46,5
grid_239,0.2,sandy loam,46,5
grid_239,0.2,sandy clay loam,46,5
grid_239,0.2,clay loam,46,5
grid_239,0.2,clay loam,46,5
grid_239,0.2,clay,46,5
grid_239,0.5,clay loam,46,5
grid_239,0.5,clay loam,46,5
grid_240,0.2,clay,46,5
grid_240,0.2,clay,46,5
grid_240,0.2,clay,46,5
grid_240,0.2,clay,46,5
grid_240,0.2,clay,46,5
grid_240,0.5,clay,46,5
grid_240,0.5,clay,46,5
grid_241,0.2,clay,46,5
grid_241,0.2,clay,46,5
grid_241,0.2,clay,46,5
grid_241,0.2,clay,46,5
grid_241,0.2,clay,46,5
grid_241,0.5,clay,46,5
grid_241,0.5,clay,46,5
grid_242,0.2,sandy loam,46,5
grid_242,0.2,sandy loam,46,5
grid_242,0.2,sandy clay loam,46,5
grid_242,0.2,sandy loam,46,5
grid_242,0.2,sandy loam,46,5
grid_242,0.5,sandy loam,46,5
grid_242,0.5,sandy loam,46,5
grid_243,0.2,sandy loam,46,5
grid_243,0.2,sandy loam,46,5
grid_243,0.2,sandy clay loam,46,5
grid_243,0.2,sandy loam,46,5
grid_243,0.2,sandy loam,46,5
grid_243,0.5,sandy loam,46,5
grid_243,0.5,sandy loam,46,5
grid_244,0.2,sandy loam,46,5
grid_244,0.2,sandy loam,46,5
grid_244,0.2,sandy loam,46,5
grid_244,0.2,sandy loam,46,5
grid_244,0.2,sandy loam,46,5
grid_244,0.5,sandy loam,46,5
grid_244,0.5,sandy clay loam,46,5
grid_245,0.2,sandy loam,46,5
grid_245,0.2,sandy loam,46,5
grid_245,0.2,sandy loam,46,5
grid_245,0.2,sandy loam,46,5
grid_245,0.2,sandy loam,46,5
grid_245,0.5,sandy loam,46,5
grid_245,0.5,sandy clay loam,46,5
grid_246,0.2,clay,46,5
grid_246,0.2,clay,46,5
grid_246,0.2,clay,46,5
grid_246,0.2,clay,46,5
grid_246,0.2,clay,46,5
grid_246,0.5,clay,46,5
grid_246,0.5,clay,46,5
grid_247,0.2,clay,46,5
grid_247,0.2,clay,46,5
grid_247,0.2,clay,46,5
grid_247,0.2,clay,46,5
grid_247,0.2,clay,46,5
grid_247,0.5,clay,46,5
grid_247,0.5,clay,46,5
grid_248,0.2,sandy loam,46,5
grid_248,0.2,sandy loam,46,5
grid_248,0.2,sandy loam,46,5
grid_248,0.2,sandy loam,46,5
grid_248,0.2,sandy loam,46,5
grid_248,0.5,sandy loam,46,5
grid_248,0.5,sandy clay loam,46,5
grid_249,0.2,sandy loam,46,5
grid_249,0.2,sandy loam,46,5
grid_249,0.2,sandy loam,46,5
grid_249,0.2,sandy loam,46,5
grid_249,0.2,sandy loam,46,5
grid_249,0.5,sandy loam,46,5
grid_249,0.5,sandy clay loam,46,5
grid_250,0.2,sandy loam,46,5
grid_250,0.2,sandy loam,46,5
grid_250,0.2,sandy loam,46,5
grid_250,0.2,sandy loam,46,5
grid_250,0.2,sandy loam,46,5
grid_250,0.5,sandy loam,46,5
grid_250,0.5,sandy clay loam,46,5
grid_251,0.2,sandy loam,46,5
grid_251,0.2,sandy loam,46,5
grid_251,0.2,sandy loam,46,5
grid_251,0.2,sandy loam,46,5
grid_251,0.2,sandy loam,46,5
grid_251,0.5,sandy loam,46,5
grid_251,0.5,sandy clay loam,46,5
grid_252,0.2,sandy loam,46,5
grid_252,0.2,sandy loam,46,5
grid_252,0.2,sandy loam,46,5
grid_252,0.2,sandy loam,46,5
grid_252,0.2,sandy loam,46,5
grid_252,0.5,sandy loam,46,5
grid_252,0.5,sandy clay loam,46,5
grid_253,0.2,clay loam,46,5
grid_253,0.2,clay loam,46,5
grid_253,0.2,clay loam,46,5
grid_253,0.2,clay loam,46,5
grid_253,0.2,clay,46,5
grid_253,0.5,clay,46,5
grid_253,0.5,clay,46,5
grid_254,0.2,clay,46,5
grid_254,0.2,clay,46,5
grid_254,0.2,clay,46,5
grid_254,0.2,clay,46,5
grid_254,0.2,clay,46,5
grid_254,0.5,clay,46,5
grid_254,0.5,clay,46,5
grid_255,0.2,sandy loam,46,5
grid_255,0.2,sandy loam,46,5
grid_255,0.2,sandy clay loam,46,5
grid_255,0.2,sandy loam,46,5
grid_255,0.2,sandy loam,46,5
grid_255,0.5,sandy loam,46,5
grid_255,0.5,sandy loam,46,5
grid_256,0.2,sandy loam,46,5
grid_256,0.2,sandy loam,46,5
grid_256,0.2,sandy clay loam,46,5
grid_256,0.2,sandy loam,46,5
grid_256,0.2,sandy loam,46,5
grid_256,0.5,sandy loam,46,5
grid_256,0.5,sandy loam,46,5
grid_257,0.2,sandy loam,46,5
grid_257,0.2,sandy loam,46,5
grid_257,0.2,sandy clay loam,46,5
grid_257,0.2,sandy loam,46,5
grid_257,0.2,sandy loam,46,5
grid_257,0.5,sandy loam,46,5
grid_257,0.5,sandy loam,46,5
grid_258,0.2,sandy loam,46,5
grid_258,0.2,sandy loam,46,5
grid_258,0.2,sandy clay loam,46,5
grid_258,0.2,sandy loam,46,5
grid_258,0.2,sandy loam,46,5
grid_258,0.5,sandy loam,46,5
grid_258,0.5,sandy loam,46,5
grid_259,0.2,sandy loam,46,5
grid_259,0.2,sandy loam,46,5
grid_259,0.2,sandy clay loam,46,5
grid_259,0.2,sandy loam,46,5
grid_259,0.2,sandy loam,46,5
grid_259,0.5,sandy loam,46,5
grid_259,0.5,sandy loam,46,5
grid_260,0.2,sandy loam,46,5
grid_260,0.2,sandy clay loam,46,5
grid_260,0.2,sandy clay loam,46,5
grid_260,0.2,sandy clay,46,5
grid_260,0.2,sandy clay,46,5
grid_260,0.5,sandy clay,46,5
grid_260,0.5,clay loam,46,5
grid_261,0.2,clay,46,5
grid_261,0.2,clay,46,5
grid_261,0.2,clay,46,5
grid_261,0.2,clay,46,5
grid_261,0.2,clay,46,5
grid_261,0.5,clay,46,5
grid_261,0.5,clay,46,5
grid_262,0.2,sandy loam,46,5
grid_262,0.2,sandy loam,46,5
grid_262,0.2,sandy clay loam,46,5
grid_262,0.2,sandy clay loam,46,5
grid_262,0.2,sandy clay loam,46,5
grid_262,0.5,sandy clay loam,46,5
grid_262,0.5,sandy clay,46,5
grid_263,0.2,sandy loam,46,5
grid_263,0.2,sandy loam,46,5
grid_263,0.2,sandy clay loam,46,5
grid_263,0.2,sandy clay loam,46,5
grid_263,0.2,sandy clay loam,46,5
grid_263,0.5,sandy clay loam,46,5
grid_263,0.5,sandy clay,46,5
grid_264,0.2,sandy loam,46,5
grid_264,0.2,sandy loam,46,5
grid_264,0.2,sandy loam,46,5
grid_264,0.2,sandy loam,46,5
grid_264,0.2,sandy loam,46,5
grid_264,0.5,sandy loam,46,5
grid_264,0.5,sandy clay loam,46,5
grid_265,0.2,sandy loam,46,5
grid_265,0.2,sandy loam,46,5
grid_265,0.2,sandy clay loam,46,5
grid_265,0.2,sandy clay loam,46,5
grid_265,0.2,sandy clay loam,46,5
grid_265,0.5,sandy clay loam,46,5
grid_265,0.5,sandy clay,46,5
grid_266,0.2,sandy loam,46,5
grid_266,0.2,sandy loam,46,5
grid_266,0.2,sandy clay loam,46,5
grid_266,0.2,sandy clay loam,46,5
grid_266,0.2,sandy clay loam,46,5
grid_266,0.5,sandy clay loam,46,5
grid_266,0.5,sandy clay,46,5
grid_267,0.2,sandy loam,46,5
grid_267,0.2,sandy loam,46,5
grid_267,0.2,sandy clay loam,46,5
grid_267,0.2,sandy clay loam,46,5
grid_267,0.2,sandy clay loam,46,5
grid_267,0.5,sandy clay loam,46,5
grid_267,0.5,sandy clay,46,5
grid_268,0.2,sandy loam,46,5
grid_268,0.2,sandy loam,46,5
grid_268,0.2,sandy clay loam,46,5
grid_268,0.2,sandy clay loam,46,5
grid_268,0.2,sandy clay loam,46,5
grid_268,0.5,sandy clay loam,46,5
grid_268,0.5,sandy clay,46,5
grid_269,0.2,sandy loam,46,5
grid_269,0.2,sandy loam,46,5
grid_269,0.2,sandy clay loam,46,5
grid_269,0.2,sandy clay loam,46,5
grid_269,0.2,sandy clay loam,46,5
grid_269,0.5,sandy clay loam,46,5
grid_269,0.5,sandy clay,46,5
grid_270,0.2,sandy loam,46,5
grid_270,0.2,sandy loam,46,5
grid_270,0.2,sandy clay loam,46,5
grid_270,0.2,sandy clay loam,46,5
grid_270,0.2,sandy clay loam,46,5
grid_270,0.5,sandy clay loam,46,5
grid_270,0.5,sandy clay,46,5
grid_271,0.2,sandy loam,46,5
grid_271,0.2,sandy clay loam,46,5
grid_271,0.2,clay loam,46,5
grid_271,0.2,clay loam,46,5
grid_271,0.2,clay,46,5
grid_271,0.5,clay loam,46,5
grid_271,0.5,clay loam,46,5
grid_272,0.2,sandy loam,46,5
grid_272,0.2,clay,46,5
grid_272,0.2,clay,46,5
grid_272,0.2,clay,46,5
grid_272,0.2,clay,46,5
grid_272,0.5,clay,46,5
grid_272,0.5,clay,46,5
grid_273,0.2,sandy loam,46,5
grid_273,0.2,sandy loam,46,5
grid_273,0.2,sandy clay loam,46,5
grid_273,0.2,sandy loam,46,5
grid_273,0.2,sandy loam,46,5
grid_273,0.5,sandy loam,46,5
grid_273,0.5,sandy loam,46,5
grid_274,0.2,sandy loam,46,5
grid_274,0.2,sandy loam,46,5
grid_274,0.2,sandy clay loam,46,5
grid_274,0.2,sandy loam,46,5
grid_274,0.2,sandy loam,46,5
grid_274,0.5,sandy loam,46,5
grid_274,0.5,sandy loam,46,5
grid_275,0.2,clay,46,5
grid_275,0.2,clay,46,5
grid_275,0.2,clay,46,5
grid_275,0.2,clay,46,5
grid_275,0.2,clay,46,5
grid_275,0.5,clay,46,5
grid_275,0.5,clay,46,5
grid_276,0.2,clay,46,5
grid_276,0.2,clay,46,5
grid_276,0.2,clay,46,5
grid_276,0.2,clay,46,5
grid_276,0.2,clay,46,5
grid_276,0.5,clay,46,5
grid_276,0.5,clay,46,5
grid_277,0.2,clay,46,5
grid_277,0.2,clay,46,5
grid_277,0.2,clay,46,5
grid_277,0.2,clay,46,5
grid_277,0.2,clay,46,5
grid_277,0.5,clay,46,5
grid_277,0.5,clay,46,5
grid_278,0.2,clay,46,5
grid_278,0.2,clay,46,5
grid_278,0.2,clay,46,5
grid_278,0.2,clay,46,5
grid_278,0.2,clay,46,5
grid_278,0.5,clay,46,5
grid_278,0.5,clay,46,5
grid_279,0.2,clay,46,5
grid_279,0.2,clay,46,5
grid_279,0.2,clay,46,5
grid_279,0.2,clay,46,5
grid_279,0.2,clay,46,5
grid_279,0.5,clay,46,5
grid_279,0.5,clay,46,5
grid_280,0.2,clay,46,5
grid_280,0.2,clay,46,5
grid_280,0.2,clay,46,5
grid_280,0.2,clay,46,5
grid_280,0.2,clay,46,5
grid_280,0.5,clay,46,5
grid_280,0.5,clay,46,5
grid_281,0.2,clay,46,5
grid_281,0.2,clay,46,5
grid_281,0.2,clay,46,5
grid_281,0.2,clay,46,5
grid_281,0.2,clay,46,5
grid_281,0.5,clay,46,5
grid_281,0.5,clay,46,5
grid_282,0.2,sandy loam,46,5
grid_282,0.2,sandy loam,46,5
grid_282,0.2,sandy loam,46,5
grid_282,0.2,sandy loam,46,5
grid_282,0.2,sandy loam,46,5
grid_282,0.5,sandy loam,46,5
grid_282,0.5,sandy clay loam,46,5
grid_283,0.2,sandy loam,46,5
grid_283,0.2,sandy loam,46,5
grid_283,0.2,sandy clay loam,46,5
grid_283,0.2,sandy loam,46,5
grid_283,0.2,sandy loam,46,5
grid_283,0.5,sandy loam,46,5
grid_283,0.5,sandy loam,46,5
grid_284,0.2,sandy loam,46,5
grid_284,0.2,sandy loam,46,5
grid_284,0.2,sandy loam,46,5
grid_284,0.2,sandy loam,46,5
grid_284,0.2,sandy loam,46,5
grid_284,0.5,sandy loam,46,5
grid_284,0.5,sandy clay loam,46,5
grid_285,0.2,sandy loam,46,5
grid_285,0.2,sandy loam,46,5
grid_285,0.2,sandy clay loam,46,5
grid_285,0.2,sandy loam,46,5
grid_285,0.2,sandy loam,46,5
grid_285,0.5,sandy loam,46,5
grid_285,0.5,sandy loam,46,5
grid_286,0.2,sandy loam,46,5
grid_286,0.2,sandy loam,46,5
grid_286,0.2,sandy clay loam,46,5
grid_286,0.2,sandy loam,46,5
grid_286,0.2,sandy loam,46,5
grid_286,0.5,sandy loam,46,5
grid_286,0.5,sandy loam,46,5
grid_287,0.2,sandy loam,46,5
grid_287,0.2,sandy loam,46,5
grid_287,0.2,sandy clay loam,46,5
grid_287,0.2,sandy loam,46,5
grid_287,0.2,sandy loam,46,5
grid_287,0.5,sandy loam,46,5
grid_287,0.5,sandy loam,46,5
grid_288,0.2,sandy loam,46,5
grid_288,0.2,sandy loam,46,5
grid_288,0.2,sandy clay loam,46,5
grid_288,0.2,sandy loam,46,5
grid_288,0.2,sandy loam,46,5
grid_288,0.5,sandy loam,46,5
grid_288,0.5,sandy loam,46,5
grid_289,0.2,sandy loam,46,5
grid_289,0.2,sandy loam,46,5
grid_289,0.2,sandy clay loam,46,5
grid_289,0.2,sandy loam,46,5
grid_289,0.2,sandy loam,46,5
grid_289,0.5,sandy loam,46,5
grid_289,0.5,sandy loam,46,5
grid_290,0.2,sandy loam,46,5
grid_290,0.2,sandy loam,46,5
grid_290,0.2,clay,46,5
grid_290,0.2,sandy loam,46,5
grid_290,0.2,sandy loam,46,5
grid_290,0.5,sandy loam,46,5
grid_290,0.5,sandy loam,46,5
grid_291,0.2,clay,46,5
grid_291,0.2,clay,46,5
grid_291,0.2,clay,46,5
grid_291,0.2,clay,46,5
grid_291,0.2,clay,46,5
grid_291,0.5,clay,46,5
grid_291,0.5,clay,46,5
grid_292,0.2,clay,46,5
grid_292,0.2,clay,46,5
grid_292,0.2,clay,46,5
grid_292,0.2,clay,46,5
grid_292,0.2,clay,46,5
grid_292,0.5,clay,46,5
grid_292,0.5,clay,46,5
grid_293,0.2,sandy loam,46,5
grid_293,0.2,sandy loam,46,5
grid_293,0.2,sandy clay loam,46,5
grid_293,0.2,sandy clay loam,46,5
grid_293,0.2,sandy clay loam,46,5
grid_293,0.5,sandy clay loam,46,5
grid_293,0.5,sandy clay,46,5
grid_294,0.2,sandy loam,46,5
grid_294,0.2,sandy loam,46,5
grid_294,0.2,sandy clay loam,46,5
grid_294,0.2,sandy clay loam,46,5
grid_294,0.2,sandy clay loam,46,5
grid_294,0.5,sandy clay loam,46,5
grid_294,0.5,sandy clay,46,5
grid_295,0.2,clay,46,5
grid_295,0.2,clay,46,5
grid_295,0.2,clay,46,5
grid_295,0.2,clay,46,5
grid_295,0.2,clay,46,5
grid_295,0.5,clay,46,5
grid_295,0.5,clay,46,5
grid_296,0.2,sandy loam,46,5
grid_296,0.2,sandy loam,46,5
grid_296,0.2,sandy clay loam,46,5
grid_296,0.2,sandy clay loam,46,5
grid_296,0.2,sandy clay loam,46,5
grid_296,0.5,sandy clay loam,46,5
grid_296,0.5,sandy clay,46,5
grid_297,0.2,sandy loam,46,5
grid_297,0.2,sandy loam,46,5
grid_297,0.2,sandy clay loam,46,5
grid_297,0.2,sandy clay loam,46,5
grid_297,0.2,sandy clay loam,46,5
grid_297,0.5,sandy clay loam,46,5
grid_297,0.5,sandy clay,46,5
grid_298,0.2,sandy loam,46,5
grid_298,0.2,sandy loam,46,5
grid_298,0.2,sandy clay loam,46,5
grid_298,0.2,sandy clay loam,46,5
grid_298,0.2,sandy clay loam,46,5
grid_298,0.5,sandy clay loam,46,5
grid_298,0.5,sandy clay,46,5
grid_299,0.2,sandy loam,46,5
grid_299,0.2,sandy loam,46,5
grid_299,0.2,sandy clay loam,46,5
grid_299,0.2,sandy clay loam,46,5
grid_299,0.2,sandy clay loam,46,5
grid_299,0.5,sandy clay loam,46,5
grid_299,0.5,sandy clay,46,5
grid_300,0.2,sandy loam,46,5
grid_300,0.2,sandy loam,46,5
grid_300,0.2,sandy clay loam,46,5
grid_300,0.2,sandy clay loam,46,5
grid_300,0.2,sandy clay loam,46,5
grid_300,0.5,sandy clay loam,46,5
grid_300,0.5,sandy clay,46,5
grid_301,0.2,sandy loam,46,5
grid_301,0.2,sandy loam,46,5
grid_301,0.2,sandy clay loam,46,5
grid_301,0.2,sandy clay loam,46,5
grid_301,0.2,clay,46,5
grid_301,0.5,sandy clay loam,46,5
grid_301,0.5,sandy clay,46,5
grid_302,0.2,sandy loam,46,5
grid_302,0.2,clay,46,5
grid_302,0.2,clay,46,5
grid_302,0.2,clay,46,5
grid_302,0.2,clay,46,5
grid_302,0.5,clay,46,5
grid_302,0.5,clay,46,5
grid_303,0.2,sandy loam,46,5
grid_303,0.2,sandy loam,46,5
grid_303,0.2,sandy clay loam,46,5
grid_303,0.2,sandy clay loam,46,5
grid_303,0.2,sandy clay loam,46,5
grid_303,0.5,sandy clay loam,46,5
grid_303,0.5,sandy clay,46,5
grid_304,0.2,sandy loam,46,5
grid_304,0.2,sandy loam,46,5
grid_304,0.2,sandy clay loam,46,5
grid_304,0.2,sandy loam,46,5
grid_304,0.2,sandy loam,46,5
grid_304,0.5,sandy loam,46,5
grid_304,0.5,sandy loam,46,5
grid_305,0.2,clay,46,5
grid_305,0.2,clay,46,5
grid_305,0.2,clay,46,5
grid_305,0.2,clay,46,5
grid_305,0.2,clay,46,5
grid_305,0.5,clay,46,5
grid_305,0.5,clay,46,5
grid_306,0.2,sandy loam,46,5
grid_306,0.2,sandy loam,46,5
grid_306,0.2,sandy clay loam,46,5
grid_306,0.2,sandy loam,46,5
grid_306,0.2,sandy loam,46,5
grid_306,0.5,sandy loam,46,5
grid_306,0.5,sandy loam,46,5
grid_307,0.2,sandy loam,46,5
grid_307,0.2,sandy loam,46,5
grid_307,0.2,sandy clay loam,46,5
grid_307,0.2,sandy loam,46,5
grid_307,0.2,sandy loam,46,5
grid_307,0.5,sandy loam,46,5
grid_307,0.5,sandy loam,46,5
grid_308,0.2,clay,46,5
grid_308,0.2,clay,46,5
grid_308,0.2,clay,46,5
grid_308,0.2,clay,46,5
grid_308,0.2,clay,46,5
grid_308,0.5,clay,46,5
grid_308,0.5,clay,46,5
grid_309,0.2,clay,46,5
grid_309,0.2,clay,46,5
grid_309,0.2,clay,46,5
grid_309,0.2,clay,46,5
grid_309,0.2,clay,46,5
grid_309,0.5,clay,46,5
grid_309,0.5,clay,46,5
grid_310,0.2,clay,46,5
grid_310,0.2,clay,46,5
grid_310,0.2,clay,46,5
grid_310,0.2,clay,46,5
grid_310,0.2,clay,46,5
grid_310,0.5,clay,46,5
grid_310,0.5,clay,46,5
grid_311,0.2,clay,46,5
grid_311,0.2,clay,46,5
grid_311,0.2,clay,46,5
grid_311,0.2,clay,46,5
grid_311,0.2,clay,46,5
grid_311,0.5,clay,46,5
grid_311,0.5,clay,46,5
grid_312,0.2,sandy loam,46,5
grid_312,0.2,sandy loam,46,5
grid_312,0.2,sandy clay loam,46,5
grid_312,0.2,sandy loam,46,5
grid_312,0.2,sandy loam,46,5
grid_312,0.5,sandy loam,46,5
grid_312,0.5,clay,46,5
grid_313,0.2,sandy loam,46,5
grid_313,0.2,sandy loam,46,5
grid_313,0.2,sandy clay loam,46,5
grid_313,0.2,sandy loam,46,5
grid_313,0.2,sandy loam,46,5
grid_313,0.5,sandy loam,46,5
grid_313,0.5,sandy loam,46,5
grid_314,0.2,sandy loam,46,5
grid_314,0.2,sandy loam,46,5
grid_314,0.2,sandy loam,46,5
grid_314,0.2,sandy loam,46,5
grid_314,0.2,sandy loam,46,5
grid_314,0.5,sandy loam,46,5
grid_314,0.5,sandy clay loam,46,5
grid_315,0.2,sandy loam,46,5
grid_315,0.2,sandy loam,46,5
grid_315,0.2,sandy clay loam,46,5
grid_315,0.2,sandy clay loam,46,5
grid_315,0.2,sandy clay loam,46,5
grid_315,0.5,sandy clay loam,46,5
grid_315,0.5,sandy clay,46,5
grid_316,0.2,sandy loam,46,5
grid_316,0.2,sandy loam,46,5
grid_316,0.2,sandy clay loam,46,5
grid_316,0.2,sandy loam,46,5
grid_316,0.2,sandy loam,46,5
grid_316,0.5,sandy loam,46,5
grid_316,0.5,sandy loam,46,5
grid_317,0.2,sandy loam,46,5
grid_317,0.2,sandy loam,46,5
grid_317,0.2,sandy clay loam,46,5
grid_317,0.2,sandy loam,46,5
grid_317,0.2,sandy loam,46,5
grid_317,0.5,sandy loam,46,5
grid_317,0.5,sandy loam,46,5
grid_318,0.2,sandy loam,46,5
grid_318,0.2,sandy loam,46,5
grid_318,0.2,sandy clay loam,46,5
grid_318,0.2,sandy loam,46,5
grid_318,0.2,sandy loam,46,5
grid_318,0.5,sandy loam,46,5
grid_318,0.5,sandy loam,46,5
grid_319,0.2,sandy loam,46,5
grid_319,0.2,sandy loam,46,5
grid_319,0.2,sandy clay loam,46,5
grid_319,0.2,sandy loam,46,5
grid_319,0.2,sandy loam,46,5
grid_319,0.5,sandy loam,46,5
grid_319,0.5,sandy loam,46,5
grid_320,0.2,sandy clay loam,46,5
grid_320,0.2,clay,46,5
grid_320,0.2,clay,46,5
grid_320,0.2,clay,46,5
grid_320,0.2,clay,46,5
grid_320,0.5,clay,46,5
grid_320,0.5,clay,46,5
grid_321,0.2,sandy clay loam,46,5
grid_321,0.2,sandy clay loam,46,5
grid_321,0.2,clay loam,46,5
grid_321,0.2,clay loam,46,5
grid_321,0.2,clay loam,46,5
grid_321,0.5,clay,46,5
grid_321,0.5,clay loam,46,5
grid_322,0.2,clay,46,5
grid_322,0.2,clay,46,5
grid_322,0.2,clay,46,5
grid_322,0.2,clay,46,5
grid_322,0.2,clay,46,5
grid_322,0.5,clay,46,5
grid_322,0.5,clay,46,5
grid_323,0.2,clay,46,5
grid_323,0.2,clay,46,5
grid_323,0.2,clay,46,5
grid_323,0.2,clay,46,5
grid_323,0.2,clay,46,5
grid_323,0.5,clay,46,5
grid_323,0.5,clay,46,5
grid_324,0.2,sandy loam,46,5
grid_324,0.2,sandy loam,46,5
grid_324,0.2,sandy clay loam,46,5
grid_324,0.2,sandy clay loam,46,5
grid_324,0.2,sandy clay loam,46,5
grid_324,0.5,sandy clay loam,46,5
grid_324,0.5,sandy clay,46,5
grid_325,0.2,clay,46,5
grid_325,0.2,clay,46,5
grid_325,0.2,clay,46,5
grid_325,0.2,clay,46,5
grid_325,0.2,clay,46,5
grid_325,0.5,clay,46,5
grid_325,0.5,clay,46,5
grid_326,0.2,sandy loam,46,5
grid_326,0.2,sandy loam,46,5
grid_326,0.2,sandy clay loam,46,5
grid_326,0.2,sandy clay loam,46,5
grid_326,0.2,sandy clay loam,46,5
grid_326,0.5,sandy clay loam,46,5
grid_326,0.5,sandy clay,46,5
grid_327,0.2,sandy loam,46,5
grid_327,0.2,sandy loam,46,5
grid_327,0.2,sandy clay loam,46,5
grid_327,0.2,sandy clay loam,46,5
grid_327,0.2,sandy clay loam,46,5
grid_327,0.5,sandy clay loam,46,5
grid_327,0.5,sandy clay,46,5
grid_328,0.2,sandy loam,46,5
grid_328,0.2,sandy loam,46,5
grid_328,0.2,sandy clay loam,46,5
grid_328,0.2,sandy clay loam,46,5
grid_328,0.2,sandy clay loam,46,5
grid_328,0.5,sandy clay loam,46,5
grid_328,0.5,sandy clay,46,5
grid_329,0.2,sandy loam,46,5
grid_329,0.2,sandy loam,46,5
grid_329,0.2,sandy clay loam,46,5
grid_329,0.2,sandy clay loam,46,5
grid_329,0.2,sandy clay loam,46,5
grid_329,0.5,sandy clay loam,46,5
grid_329,0.5,sandy clay,46,5
grid_330,0.2,sandy loam,46,5
grid_330,0.2,sandy loam,46,5
grid_330,0.2,sandy clay loam,46,5
grid_330,0.2,sandy clay loam,46,5
grid_330,0.2,sandy clay loam,46,5
grid_330,0.5,sandy clay loam,46,5
grid_330,0.5,sandy clay,46,5
grid_331,0.2,sandy loam,46,5
grid_331,0.2,sandy loam,46,5
grid_331,0.2,sandy clay loam,46,5
grid_331,0.2,sandy clay loam,46,5
grid_331,0.2,sandy clay loam,46,5
grid_331,0.5,sandy clay loam,46,5
grid_331,0.5,sandy clay,46,5
grid_332,0.2,sandy loam,46,5
grid_332,0.2,sandy loam,46,5
grid_332,0.2,sandy clay loam,46,5
grid_332,0.2,sandy clay loam,46,5
grid_332,0.2,sandy clay loam,46,5
grid_332,0.5,sandy clay loam,46,5
grid_332,0.5,sandy clay,46,5
grid_333,0.2,sandy loam,46,5
grid_333,0.2,sandy loam,46,5
grid_333,0.2,sandy clay loam,46,5
grid_333,0.2,sandy clay loam,46,5
grid_333,0.2,sandy clay loam,46,5
grid_333,0.5,sandy clay loam,46,5
grid_333,0.5,sandy clay,46,5
grid_334,0.2,clay,46,5
grid_334,0.2,clay,46,5
grid_334,0.2,clay,46,5
grid_334,0.2,clay,46,5
grid_334,0.2,clay,46,5
grid_334,0.5,clay,46,5
grid_334,0.5,clay,46,5
grid_335,0.2,clay,46,5
grid_335,0.2,clay,46,5
grid_335,0.2,clay,46,5
grid_335,0.2,clay,46,5
grid_335,0.2,clay,46,5
grid_335,0.5,clay,46,5
grid_335,0.5,clay,46,5
grid_336,0.2,clay,46,5
grid_336,0.2,clay,46,5
grid_336,0.2,clay,46,5
grid_336,0.2,clay,46,5
grid_336,0.2,clay,46,5
grid_336,0.5,clay,46,5
grid_336,0.5,clay,46,5
grid_337,0.2,sandy loam,46,5
grid_337,0.2,sandy loam,46,5
grid_337,0.2,sandy clay loam,46,5
grid_337,0.2,sandy loam,46,5
grid_337,0.2,sandy loam,46,5
grid_337,0.5,sandy loam,46,5
grid_337,0.5,sandy loam,46,5
grid_338,0.2,sandy loam,46,5
grid_338,0.2,sandy loam,46,5
grid_338,0.2,sandy clay loam,46,5
grid_338,0.2,sandy loam,46,5
grid_338,0.2,sandy loam,46,5
grid_338,0.5,sandy loam,46,5
grid_338,0.5,sandy loam,46,5
grid_339,0.2,clay,46,5
grid_339,0.2,clay,46,5
grid_339,0.2,clay,46,5
grid_339,0.2,clay,46,5
grid_339,0.2,clay,46,5
grid_339,0.5,clay,46,5
grid_339,0.5,clay,46,5
grid_340,0.2,sandy loam,46,5
grid_340,0.2,sandy loam,46,5
grid_340,0.2,sandy clay loam,46,5
grid_340,0.2,sandy loam,46,5
grid_340,0.2,sandy loam,46,5
grid_340,0.5,sandy loam,46,5
grid_340,0.5,sandy loam,46,5
grid_341,0.2,sandy loam,46,5
grid_341,0.2,sandy loam,46,5
grid_341,0.2,sandy clay loam,46,5
grid_341,0.2,sandy loam,46,5
grid_341,0.2,sandy loam,46,5
grid_341,0.5,sandy loam,46,5
grid_341,0.5,sandy loam,46,5
grid_342,0.2,sandy loam,46,5
grid_342,0.2,sandy loam,46,5
grid_342,0.2,sandy clay loam,46,5
grid_342,0.2,clay loam,46,5
grid_342,0.2,clay,46,5
grid_342,0.5,clay,46,5
grid_342,0.5,clay,46,5
grid_343,0.2,sandy clay loam,46,5
grid_343,0.2,clay,46,5
grid_343,0.2,clay,46,5
grid_343,0.2,clay,46,5
grid_343,0.2,clay,46,5
grid_343,0.5,clay,46,5
grid_343,0.5,clay,46,5
grid_344,0.2,sandy clay loam,46,5
grid_344,0.2,clay,46,5
grid_344,0.2,clay,46,5
grid_344,0.2,clay,46,5
grid_344,0.2,clay,46,5
grid_344,0.5,clay,46,5
grid_344,0.5,clay,46,5
grid_345,0.2,sandy clay loam,46,5
grid_345,0.2,clay,46,5
grid_345,0.2,clay,46,5
grid_345,0.2,clay,46,5
grid_345,0.2,clay,46,5
grid_345,0.5,clay,46,5
grid_345,0.5,clay,46,5
grid_346,0.2,sandy loam,46,5
grid_346,0.2,sandy loam,46,5
grid_346,0.2,sandy clay loam,46,5
grid_346,0.2,sandy loam,46,5
grid_346,0.2,sandy loam,46,5
grid_346,0.5,sandy loam,46,5
grid_346,0.5,sandy loam,46,5
grid_347,0.2,sandy clay loam,46,5
grid_347,0.2,clay,46,5
grid_347,0.2,clay,46,5
grid_347,0.2,clay,46,5
grid_347,0.2,clay,46,5
grid_347,0.5,clay,46,5
grid_347,0.5,clay,46,5
grid_348,0.2,sandy clay loam,46,5
grid_348,0.2,sandy clay loam,46,5
grid_348,0.2,clay loam,46,5
grid_348,0.2,clay loam,46,5
grid_348,0.2,clay loam,46,5
grid_348,0.5,clay,46,5
grid_348,0.5,clay loam,46,5
grid_349,0.2,sandy clay loam,46,5
grid_349,0.2,sandy clay loam,46,5
grid_349,0.2,clay loam,46,5
grid_349,0.2,clay loam,46,5
grid_349,0.2,clay loam,46,5
grid_349,0.5,clay,46,5
grid_349,0.5,clay loam,46,5
grid_350,0.2,clay,46,5
grid_350,0.2,clay,46,5
grid_350,0.2,clay,46,5
grid_350,0.2,clay,46,5
grid_350,0.2,clay,46,5
grid_350,0.5,clay,46,5
grid_350,0.5,clay,46,5
grid_351,0.2,clay,46,5
grid_351,0.2,clay,46,5
grid_351,0.2,clay,46,5
grid_351,0.2,clay,46,5
grid_351,0.2,clay,46,5
grid_351,0.5,clay,46,5
grid_351,0.5,clay,46,5
grid_352,0.2,clay,46,5
grid_352,0.2,clay,46,5
grid_352,0.2,clay,46,5
grid_352,0.2,clay,46,5
grid_352,0.2,clay,46,5
grid_352,0.5,clay,46,5
grid_352,0.5,clay,46,5
grid_353,0.2,clay,46,5
grid_353,0.2,clay,46,5
grid_353,0.2,clay,46,5
grid_353,0.2,clay,46,5
grid_353,0.2,clay,46,5
grid_353,0.5,clay,46,5
grid_353,0.5,clay,46,5
grid_354,0.2,sandy loam,46,5
grid_354,0.2,sandy clay loam,46,5
grid_354,0.2,sandy clay loam,46,5
grid_354,0.2,sandy clay,46,5
grid_354,0.2,sandy clay,46,5
grid_354,0.5,sandy clay,46,5
grid_354,0.5,clay loam,46,5
grid_355,0.2,sandy loam,46,5
grid_355,0.2,sandy loam,46,5
grid_355,0.2,sandy clay loam,46,5
grid_355,0.2,sandy clay loam,46,5
grid_355,0.2,sandy clay loam,46,5
grid_355,0.5,sandy clay loam,46,5
grid_355,0.5,sandy clay,46,5
grid_356,0.2,sandy loam,46,5
grid_356,0.2,sandy clay loam,46,5
grid_356,0.2,sandy clay loam,46,5
grid_356,0.2,sandy clay loam,46,5
grid_356,0.2,sandy clay loam,46,5
grid_356,0.5,sandy clay loam,46,5
grid_356,0.5,sandy clay,46,5
grid_357,0.2,sandy loam,46,5
grid_357,0.2,sandy loam,46,5
grid_357,0.2,sandy clay loam,46,5
grid_357,0.2,sandy clay loam,46,5
grid_357,0.2,sandy clay loam,46,5
grid_357,0.5,sandy clay loam,46,5
grid_357,0.5,sandy clay,46,5
grid_358,0.2,sandy loam,46,5
grid_358,0.2,sandy loam,46,5
grid_358,0.2,sandy clay loam,46,5
grid_358,0.2,sandy clay loam,46,5
grid_358,0.2,sandy clay loam,46,5
grid_358,0.5,sandy clay loam,46,5
grid_358,0.5,sandy clay,46,5
grid_359,0.2,sandy loam,46,5
grid_359,0.2,sandy clay loam,46,5
grid_359,0.2,sandy clay loam,46,5
grid_359,0.2,sandy clay,46,5
grid_359,0.2,sandy clay,46,5
grid_359,0.5,clay,46,5
grid_359,0.5,clay,46,5
grid_360,0.2,sandy loam,46,5
grid_360,0.2,NA,46,5
grid_360,0.2,NA,46,5
grid_360,0.2,NA,46,5
grid_360,0.2,NA,46,5
grid_360,0.5,NA,46,5
grid_360,0.5,NA,46,5
grid_361,0.2,sandy loam,46,5
grid_361,0.2,clay,46,5
grid_361,0.2,clay,46,5
grid_361,0.2,clay,46,5
grid_361,0.2,clay,46,5
grid_361,0.5,clay,46,5
grid_361,0.5,clay,46,5
grid_362,0.2,clay,46,5
grid_362,0.2,clay,46,5
grid_362,0.2,clay,46,5
grid_362,0.2,clay,46,5
grid_362,0.2,clay,46,5
grid_362,0.5,clay,46,5
grid_362,0.5,clay,46,5
grid_363,0.2,sandy loam,46,5
grid_363,0.2,sandy clay loam,46,5
grid_363,0.2,clay loam,46,5
grid_363,0.2,clay loam,46,5
grid_363,0.2,clay loam,46,5
grid_363,0.5,clay loam,46,5
grid_363,0.5,clay loam,46,5
grid_364,0.2,sandy clay loam,46,5
grid_364,0.2,sandy clay loam,46,5
grid_364,0.2,clay loam,46,5
grid_364,0.2,clay loam,46,5
grid_364,0.2,clay loam,46,5
grid_364,0.5,clay,46,5
grid_364,0.5,clay loam,46,5
grid_365,0.2,sandy loam,46,5
grid_365,0.2,sandy loam,46,5
grid_365,0.2,sandy clay loam,46,5
grid_365,0.2,sandy loam,46,5
grid_365,0.2,sandy loam,46,5
grid_365,0.5,sandy loam,46,5
grid_365,0.5,sandy loam,46,5
grid_366,0.2,sandy loam,46,5
grid_366,0.2,sandy loam,46,5
grid_366,0.2,sandy clay loam,46,5
grid_366,0.2,sandy loam,46,5
grid_366,0.2,sandy loam,46,5
grid_366,0.5,sandy loam,46,5
grid_366,0.5,sandy loam,46,5
grid_367,0.2,sandy loam,46,5
grid_367,0.2,sandy loam,46,5
grid_367,0.2,sandy clay loam,46,5
grid_367,0.2,sandy loam,46,5
grid_367,0.2,sandy loam,46,5
grid_367,0.5,sandy loam,46,5
grid_367,0.5,sandy loam,46,5
grid_368,0.2,sandy loam,46,5
grid_368,0.2,sandy loam,46,5
grid_368,0.2,sandy clay loam,46,5
grid_368,0.2,sandy clay loam,46,5
grid_368,0.2,sandy clay loam,46,5
grid_368,0.5,sandy clay loam,46,5
grid_368,0.5,sandy clay,46,5
grid_369,0.2,clay loam,46,5
grid_369,0.2,clay loam,46,5
grid_369,0.2,clay loam,46,5
grid_369,0.2,clay loam,46,5
grid_369,0.2,clay,46,5
grid_369,0.5,clay,46,5
grid_369,0.5,clay,46,5
grid_370,0.2,sandy clay loam,46,5
grid_370,0.2,sandy loam,46,5
grid_370,0.2,sandy loam,46,5
grid_370,0.2,sandy loam,46,5
grid_370,0.2,sandy loam,46,5
grid_370,0.5,sandy loam,46,5
grid_370,0.5,loam,46,5
grid_371,0.2,sandy clay loam,46,5
grid_371,0.2,sandy loam,46,5
grid_371,0.2,sandy loam,46,5
grid_371,0.2,sandy loam,46,5
grid_371,0.2,sandy loam,46,5
grid_371,0.5,sandy loam,46,5
grid_371,0.5,loam,46,5
grid_372,0.2,sandy clay loam,46,5
grid_372,0.2,sandy loam,46,5
grid_372,0.2,sandy loam,46,5
grid_372,0.2,sandy loam,46,5
grid_372,0.2,sandy loam,46,5
grid_372,0.5,sandy loam,46,5
grid_372,0.5,loam,46,5
grid_373,0.2,sandy clay loam,46,5
grid_373,0.2,sandy loam,46,5
grid_373,0.2,sandy loam,46,5
grid_373,0.2,sandy loam,46,5
grid_373,0.2,sandy loam,46,5
grid_373,0.5,sandy loam,46,5
grid_373,0.5,loam,46,5
grid_374,0.2,sandy clay loam,46,5
grid_374,0.2,sandy loam,46,5
grid_374,0.2,sandy loam,46,5
grid_374,0.2,sandy loam,46,5
grid_374,0.2,sandy loam,46,5
grid_374,0.5,sandy loam,46,5
grid_374,0.5,loam,46,5
grid_375,0.2,sandy clay loam,46,5
grid_375,0.2,sandy clay loam,46,5
grid_375,0.2,clay loam,46,5
grid_375,0.2,clay loam,46,5
grid_375,0.2,clay loam,46,5
grid_375,0.5,clay,46,5
grid_375,0.5,clay loam,46,5
grid_376,0.2,sandy clay loam,46,5
grid_376,0.2,sandy clay loam,46,5
grid_376,0.2,clay loam,46,5
grid_376,0.2,clay loam,46,5
grid_376,0.2,clay loam,46,5
grid_376,0.5,clay,46,5
grid_376,0.5,clay loam,46,5
grid_377,0.2,clay,46,5
grid_377,0.2,clay,46,5
grid_377,0.2,clay,46,5
grid_377,0.2,clay,46,5
grid_377,0.2,clay,46,5
grid_377,0.5,clay,46,5
grid_377,0.5,clay,46,5
grid_378,0.2,sandy loam,46,5
grid_378,0.2,sandy loam,46,5
grid_378,0.2,sandy clay loam,46,5
grid_378,0.2,sandy clay loam,46,5
grid_378,0.2,sandy clay loam,46,5
grid_378,0.5,sandy clay loam,46,5
grid_378,0.5,sandy clay,46,5
grid_379,0.2,sandy loam,46,5
grid_379,0.2,sandy clay loam,46,5
grid_379,0.2,sandy clay loam,46,5
grid_379,0.2,sandy clay,46,5
grid_379,0.2,sandy clay,46,5
grid_379,0.5,sandy clay,46,5
grid_379,0.5,clay loam,46,5
grid_380,0.2,clay,46,5
grid_380,0.2,clay,46,5
grid_380,0.2,clay,46,5
grid_380,0.2,clay,46,5
grid_380,0.2,clay,46,5
grid_380,0.5,clay,46,5
grid_380,0.5,clay,46,5
grid_381,0.2,sandy loam,46,5
grid_381,0.2,sandy clay loam,46,5
grid_381,0.2,sandy clay loam,46,5
grid_381,0.2,sandy clay,46,5
grid_381,0.2,sandy clay,46,5
grid_381,0.5,sandy clay,46,5
grid_381,0.5,clay loam,46,5
grid_382,0.2,sandy clay loam,46,5
grid_382,0.2,sandy loam,46,5
grid_382,0.2,sandy loam,46,5
grid_382,0.2,sandy loam,46,5
grid_382,0.2,sandy loam,46,5
grid_382,0.5,sandy loam,46,5
grid_382,0.5,loam,46,5
grid_383,0.2,sandy clay loam,46,5
grid_383,0.2,sandy loam,46,5
grid_383,0.2,sandy loam,46,5
grid_383,0.2,sandy loam,46,5
grid_383,0.2,sandy loam,46,5
grid_383,0.5,sandy loam,46,5
grid_383,0.5,loam,46,5
grid_384,0.2,sandy clay loam,46,5
grid_384,0.2,sandy loam,46,5
grid_384,0.2,sandy loam,46,5
grid_384,0.2,sandy loam,46,5
grid_384,0.2,sandy loam,46,5
grid_384,0.5,sandy loam,46,5
grid_384,0.5,loam,46,5
grid_385,0.2,sandy clay loam,46,5
grid_385,0.2,sandy loam,46,5
grid_385,0.2,sandy loam,46,5
grid_385,0.2,sandy loam,46,5
grid_385,0.2,sandy loam,46,5
grid_385,0.5,sandy loam,46,5
grid_385,0.5,loam,46,5
grid_386,0.2,sandy clay loam,46,5
grid_386,0.2,sandy loam,46,5
grid_386,0.2,sandy loam,46,5
grid_386,0.2,sandy loam,46,5
grid_386,0.2,sandy loam,46,5
grid_386,0.5,sandy loam,46,5
grid_386,0.5,loam,46,5
grid_387,0.2,sandy clay loam,46,5
grid_387,0.2,clay,46,5
grid_387,0.2,clay,46,5
grid_387,0.2,clay,46,5
grid_387,0.2,clay,46,5
grid_387,0.5,clay,46,5
grid_387,0.5,clay,46,5
grid_388,0.2,sandy clay loam,46,5
grid_388,0.2,sandy clay loam,46,5
grid_388,0.2,clay loam,46,5
grid_388,0.2,clay loam,46,5
grid_388,0.2,clay loam,46,5
grid_388,0.5,clay,46,5
grid_388,0.5,clay loam,46,5
grid_389,0.2,sandy clay loam,46,5
grid_389,0.2,sandy loam,46,5
grid_389,0.2,sandy loam,46,5
grid_389,0.2,sandy loam,46,5
grid_389,0.2,sandy loam,46,5
grid_389,0.5,sandy loam,46,5
grid_389,0.5,loam,46,5
grid_390,0.2,sandy loam,46,5
grid_390,0.2,sandy loam,46,5
grid_390,0.2,sandy clay loam,46,5
grid_390,0.2,sandy clay loam,46,5
grid_390,0.2,sandy clay loam,46,5
grid_390,0.5,sandy clay loam,46,5
grid_390,0.5,sandy clay,46,5
grid_391,0.2,sandy loam,46,5
grid_391,0.2,sandy clay loam,46,5
grid_391,0.2,sandy clay loam,46,5
grid_391,0.2,sandy clay,46,5
grid_391,0.2,sandy clay,46,5
grid_391,0.5,sandy clay,46,5
grid_391,0.5,clay loam,46,5
grid_392,0.2,clay,46,5
grid_392,0.2,clay,46,5
grid_392,0.2,clay,46,5
grid_392,0.2,clay,46,5
grid_392,0.2,clay,46,5
grid_392,0.5,clay,46,5
grid_392,0.5,clay,46,5
grid_393,0.2,sandy clay loam,46,5
grid_393,0.2,sandy clay loam,46,5
grid_393,0.2,clay loam,46,5
grid_393,0.2,clay loam,46,5
grid_393,0.2,clay loam,46,5
grid_393,0.5,clay,46,5
grid_393,0.5,clay loam,46,5
grid_394,0.2,sandy clay loam,46,5
grid_394,0.2,sandy clay loam,46,5
grid_394,0.2,clay loam,46,5
grid_394,0.2,clay loam,46,5
grid_394,0.2,clay loam,46,5
grid_394,0.5,clay,46,5
grid_394,0.5,clay loam,46,5
grid_395,0.2,sandy clay loam,46,5
grid_395,0.2,sandy loam,46,5
grid_395,0.2,sandy loam,46,5
grid_395,0.2,sandy loam,46,5
grid_395,0.2,sandy loam,46,5
grid_395,0.5,sandy loam,46,5
grid_395,0.5,loam,46,5
grid_396,0.2,sandy clay loam,46,5
grid_396,0.2,sandy loam,46,5
grid_396,0.2,sandy loam,46,5
grid_396,0.2,sandy loam,46,5
grid_396,0.2,sandy loam,46,5
grid_396,0.5,sandy loam,46,5
grid_396,0.5,loam,46,5
grid_397,0.2,sandy clay loam,46,5
grid_397,0.2,sandy loam,46,5
grid_397,0.2,sandy loam,46,5
grid_397,0.2,sandy loam,46,5
grid_397,0.2,sandy loam,46,5
grid_397,0.5,sandy loam,46,5
grid_397,0.5,loam,46,5
grid_398,0.2,sandy clay loam,46,5
grid_398,0.2,sandy loam,46,5
grid_398,0.2,sandy loam,46,5
grid_398,0.2,sandy loam,46,5
grid_398,0.2,sandy loam,46,5
grid_398,0.5,sandy loam,46,5
grid_398,0.5,loam,46,5
grid_399,0.2,sandy clay loam,46,5
grid_399,0.2,clay,46,5
grid_399,0.2,clay,46,5
grid_399,0.2,clay,46,5
grid_399,0.2,clay,46,5
grid_399,0.5,clay,46,5
grid_399,0.5,clay,46,5
grid_400,0.2,sandy clay loam,46,5
grid_400,0.2,sandy clay loam,46,5
grid_400,0.2,clay loam,46,5
grid_400,0.2,clay loam,46,5
grid_400,0.2,clay loam,46,5
grid_400,0.5,clay,46,5
grid_400,0.5,clay loam,46,5
grid_401,0.2,sandy clay loam,46,5
grid_401,0.2,sandy loam,46,5
grid_401,0.2,sandy loam,46,5
grid_401,0.2,sandy loam,46,5
grid_401,0.2,sandy loam,46,5
grid_401,0.5,sandy loam,46,5
grid_401,0.5,loam,46,5
grid_402,0.2,sandy clay loam,46,5
grid_402,0.2,sandy clay loam,46,5
grid_402,0.2,clay loam,46,5
grid_402,0.2,clay loam,46,5
grid_402,0.2,clay loam,46,5
grid_402,0.5,clay,46,5
grid_402,0.5,clay loam,46,5
grid_403,0.2,clay,46,5
grid_403,0.2,clay,46,5
grid_403,0.2,clay,46,5
grid_403,0.2,clay,46,5
grid_403,0.2,clay,46,5
grid_403,0.5,clay,46,5
grid_403,0.5,clay,46,5
grid_404,0.2,clay,46,5
grid_404,0.2,clay,46,5
grid_404,0.2,clay,46,5
grid_404,0.2,clay,46,5
grid_404,0.2,clay,46,5
grid_404,0.5,clay,46,5
grid_404,0.5,clay,46,5
grid_405,0.2,sandy clay loam,46,5
grid_405,0.2,sandy clay loam,46,5
grid_405,0.2,clay loam,46,5
grid_405,0.2,clay loam,46,5
grid_405,0.2,clay loam,46,5
grid_405,0.5,clay,46,5
grid_405,0.5,clay loam,46,5
grid_406,0.2,sandy clay loam,46,5
grid_406,0.2,sandy loam,46,5
grid_406,0.2,sandy loam,46,5
grid_406,0.2,sandy loam,46,5
grid_406,0.2,sandy loam,46,5
grid_406,0.5,sandy loam,46,5
grid_406,0.5,loam,46,5
grid_407,0.2,sandy clay loam,46,5
grid_407,0.2,sandy loam,46,5
grid_407,0.2,sandy loam,46,5
grid_407,0.2,sandy loam,46,5
grid_407,0.2,sandy loam,46,5
grid_407,0.5,sandy loam,46,5
grid_407,0.5,loam,46,5
grid_408,0.2,sandy clay loam,46,5
grid_408,0.2,sandy loam,46,5
grid_408,0.2,sandy loam,46,5
grid_408,0.2,sandy loam,46,5
grid_408,0.2,sandy loam,46,5
grid_408,0.5,sandy loam,46,5
grid_408,0.5,loam,46,5
grid_409,0.2,sandy clay loam,46,5
grid_409,0.2,clay,46,5
grid_409,0.2,clay,46,5
grid_409,0.2,clay,46,5
grid_409,0.2,clay,46,5
grid_409,0.5,clay,46,5
grid_409,0.5,clay,46,5
grid_410,0.2,sandy clay loam,46,5
grid_410,0.2,sandy clay loam,46,5
grid_410,0.2,clay loam,46,5
grid_410,0.2,clay loam,46,5
grid_410,0.2,clay loam,46,5
grid_410,0.5,clay,46,5
grid_410,0.5,clay loam,46,5
grid_411,0.2,sandy clay loam,46,5
grid_411,0.2,sandy clay loam,46,5
grid_411,0.2,clay loam,46,5
grid_411,0.2,clay loam,46,5
grid_411,0.2,clay loam,46,5
grid_411,0.5,clay,46,5
grid_411,0.5,clay loam,46,5
grid_412,0.2,clay,46,5
grid_412,0.2,clay,46,5
grid_412,0.2,clay,46,5
grid_412,0.2,clay,46,5
grid_412,0.2,clay,46,5
grid_412,0.5,clay,46,5
grid_412,0.5,clay,46,5
grid_413,0.2,sandy loam,46,5
grid_413,0.2,sandy loam,46,5
grid_413,0.2,sandy clay loam,46,5
grid_413,0.2,sandy clay loam,46,5
grid_413,0.2,sandy clay loam,46,5
grid_413,0.5,sandy clay loam,46,5
grid_413,0.5,sandy clay,46,5
grid_414,0.2,clay,46,5
grid_414,0.2,clay,46,5
grid_414,0.2,clay,46,5
grid_414,0.2,clay,46,5
grid_414,0.2,clay,46,5
grid_414,0.5,clay,46,5
grid_414,0.5,clay,46,5
grid_415,0.2,sandy loam,46,5
grid_415,0.2,sandy clay loam,46,5
grid_415,0.2,sandy clay loam,46,5
grid_415,0.2,sandy clay,46,5
grid_415,0.2,sandy clay,46,5
grid_415,0.5,sandy clay,46,5
grid_415,0.5,clay loam,46,5
grid_416,0.2,sandy clay loam,46,5
grid_416,0.2,sandy clay loam,46,5
grid_416,0.2,clay loam,46,5
grid_416,0.2,clay loam,46,5
grid_416,0.2,clay loam,46,5
grid_416,0.5,clay,46,5
grid_416,0.5,clay loam,46,5
grid_417,0.2,sandy clay loam,46,5
grid_417,0.2,sandy loam,46,5
grid_417,0.2,sandy loam,46,5
grid_417,0.2,sandy loam,46,5
grid_417,0.2,sandy loam,46,5
grid_417,0.5,sandy loam,46,5
grid_417,0.5,loam,46,5
grid_418,0.2,sandy clay loam,46,5
grid_418,0.2,clay,46,5
grid_418,0.2,clay,46,5
grid_418,0.2,clay,46,5
grid_418,0.2,clay,46,5
grid_418,0.5,clay,46,5
grid_418,0.5,clay,46,5
grid_419,0.2,sandy clay loam,46,5
grid_419,0.2,clay,46,5
grid_419,0.2,clay,46,5
grid_419,0.2,clay,46,5
grid_419,0.2,clay,46,5
grid_419,0.5,clay,46,5
grid_419,0.5,clay,46,5
grid_420,0.2,sandy clay loam,46,5
grid_420,0.2,clay,46,5
grid_420,0.2,clay,46,5
grid_420,0.2,clay,46,5
grid_420,0.2,clay,46,5
grid_420,0.5,clay,46,5
grid_420,0.5,clay,46,5
grid_421,0.2,sandy loam,46,5
grid_421,0.2,sandy loam,46,5
grid_421,0.2,sandy clay loam,46,5
grid_421,0.2,sandy clay loam,46,5
grid_421,0.2,sandy clay loam,46,5
grid_421,0.5,sandy clay loam,46,5
grid_421,0.5,sandy clay,46,5
grid_422,0.2,sandy loam,46,5
grid_422,0.2,sandy loam,46,5
grid_422,0.2,sandy clay loam,46,5
grid_422,0.2,sandy clay loam,46,5
grid_422,0.2,sandy clay loam,46,5
grid_422,0.5,sandy clay loam,46,5
grid_422,0.5,sandy clay,46,5
grid_423,0.2,sandy loam,46,5
grid_423,0.2,sandy clay loam,46,5
grid_423,0.2,sandy clay loam,46,5
grid_423,0.2,sandy clay,46,5
grid_423,0.2,clay,46,5
grid_423,0.5,clay,46,5
grid_423,0.5,clay,46,5
grid_424,0.2,sandy clay loam,46,5
grid_424,0.2,clay,46,5
grid_424,0.2,clay,46,5
grid_424,0.2,clay,46,5
grid_424,0.2,clay,46,5
grid_424,0.5,clay,46,5
grid_424,0.5,clay,46,5
grid_425,0.2,sandy clay loam,46,5
grid_425,0.2,clay,46,5
grid_425,0.2,clay,46,5
grid_425,0.2,clay,46,5
grid_425,0.2,clay,46,5
grid_425,0.5,clay,46,5
grid_425,0.5,clay,46,5
grid_426,0.2,sandy loam,46,5
grid_426,0.2,sandy loam,46,5
grid_426,0.2,sandy clay loam,46,5
grid_426,0.2,sandy clay loam,46,5
grid_426,0.2,sandy clay loam,46,5
grid_426,0.5,sandy clay loam,46,5
grid_426,0.5,sandy clay,46,5
grid_427,0.2,sandy loam,46,5
grid_427,0.2,sandy loam,46,5
grid_427,0.2,sandy clay loam,46,5
grid_427,0.2,sandy clay loam,46,5
grid_427,0.2,sandy clay loam,46,5
grid_427,0.5,sandy clay loam,46,5
grid_427,0.5,sandy clay,46,5
